"HadesField","ID","ID","ID","","","","Line","","Notes by AR","Notes by DK"
"Darren","HadesField_","0002","HadesField_0002","","","","...Так і не звик до цього повітря.","","",""
"Darren","HadesField_","0003","HadesField_0003","","","","Ти зухвалий хлопчисько. Добре. Але, не варто було так далеко заходити.","","",""
"Unused","HadesField_","0007","HadesField_0007","","","","","","",""
"Integrated","HadesField_","0009","HadesField_0009","","","","Я гадаю, що самого лише погляду на мене, достатньо аби викликати у тебе ненависть. Тоді, ти зрозумієш, чому я надягнув Шолом Пітьми.","","",""
"Unused","HadesField_","0013","HadesField_0013","","","","... Я знаю, про що ти хочеш запитати, Загрею. Але, запитуй все одно.","","",""
"Integrated","HadesField_","0036","HadesField_0036","","","","Шолом Пітьми.","","",""
"Integrated","HadesField_","0037","HadesField_0037","","","","Шолом Пітьми!","","",""
"Integrated","HadesField_","0038","HadesField_0038","","","","Шолом Пітьми...!","","",""
"Integrated","HadesField_","0039","HadesField_0039","","","","Навіть проста істина недосяжна для тебе.","","",""
"Integrated","HadesField_","0040","HadesField_0040","","","","Очі тебе обманюють, малий.","","",""
"Integrated","HadesField_","0041","HadesField_0041","","","","Я відійду на хвилинку.","","",""
"Integrated","HadesField_","0042","HadesField_0042","","","","Я скоро повернуся.","","",""
"Integrated","HadesField_","0043","HadesField_0043","","","","Прийдіть, злидні! І позбудьтеся цього неслухняного телепня.","","",""
"Integrated","HadesField_","0044","HadesField_0044","","","","Злидні Підземного Царства! Почуйте мене, і повстаньте з землі, щоб виконати мої розпорядження!","","",""
"Integrated","HadesField_","0045","HadesField_0045","","","","Почуйте мене, злидні! Вставайте ж, повстаньте з мого царства, та бийтеся знову!","","",""
"Integrated","HadesField_","0046","HadesField_0046","","","","Даною мені владою, Володаря Смерті! Пробудіться, злидні, і захистіть свого короля!","","",""
"Integrated","HadesField_","0047","HadesField_0047","","","","Своїм ім'ям, я наказую всім вам, злидні Підземного Царства, прийдіть до мене, зараз же!","","",""
"Integrated","HadesField_","0048","HadesField_0048","","","","Зараз.","","",""
"Integrated","HadesField_","0049","HadesField_0049","","","","Зараз!","","",""
"Integrated","HadesField_","0050","HadesField_0050","","","","Ось!","","",""
"Integrated","HadesField_","0051","HadesField_0051","","","","Ось, малий!","","",""
"Integrated","HadesField_","0052","HadesField_0052","","","","Спостерігай!","","",""
"Integrated","HadesField_","0053","HadesField_0053","","","","Годі цього!!","","",""
"Integrated","HadesField_","0054","HadesField_0054","","","","Ти випробовуєш моє терпіння!","","",""
"Integrated","HadesField_","0055","HadesField_0055","","","","Ти напросився!","","",""
"Integrated","HadesField_","0056","HadesField_0056","","","","У тебе був шанс!","","",""
"Integrated","HadesField_","0057","HadesField_0057","","","","Годі!!","","",""
"Integrated","HadesField_","0058","HadesField_0058","","","","Грияяяяяяяяаххх!","","",""
"Integrated","HadesField_","0059","HadesField_0059","","","","Грррраааааааааххх!","","",""
"Integrated","HadesField_","0060","HadesField_0060","","","","Бажаєш прогнівити мене?!","","",""
"Integrated","HadesField_","0061","HadesField_0061","","","","У мене для тебе дещо є!!","","",""
"Integrated","HadesField_","0062","HadesField_0062","","","","Загрею!!","","",""
"Integrated","HadesField_","0063","HadesField_0063","","","","Ти бісів малий...!","","",""
"Integrated","HadesField_","0064","HadesField_0064","","","","Досить!","","",""
"Integrated","HadesField_","0065","HadesField_0065","","","","Годі цього!","","",""
"Integrated","HadesField_","0066","HadesField_0066","","","","Геть з моїх очей!","","",""
"Integrated","HadesField_","0067","HadesField_0067","","","","Ти повертаєшся додому!","","",""
"Integrated","HadesField_","0068","HadesField_0068","","","","Ти не можеш обдурити смерть!","","",""
"Integrated","HadesField_","0069","HadesField_0069","","","","Виходу немає.","","",""
"Integrated","HadesField_","0070","HadesField_0070","","","","Йди додому, малий.","","",""
"Integrated","HadesField_","0071","HadesField_0071","","","","Борсайся та кричи скільки влізе.","","",""
"Integrated","HadesField_","0072","HadesField_0072","","","","Тобі не вистояти проти мене.","","",""
"Integrated","HadesField_","0073","HadesField_0073","","","","Мій недоумкуватий брат не зможе тобі зараз допомогти.","","",""
"Integrated","HadesField_","0074","HadesField_0074","","","","Дідько б побрав цього жалюгідного Зевса!","","",""
"Integrated","HadesField_","0075","HadesField_0075","","","","Посейдону не варто втручатися у чужі справи!","","",""
"Integrated","HadesField_","0076","HadesField_0076","","","","Мені не до вподоби це, Брате Посейдоне!","","",""
"Integrated","HadesField_","0077","HadesField_0077","","","","Ти боягузливо ховатимешся за щитом Афіни?","","",""
"Integrated","HadesField_","0078","HadesField_0078","","","","Афіна не зможе врятувати тебе від мене, малий.","","",""
"Integrated","HadesField_","0079","HadesField_0079","","","","У Афродіти немає повноважень тут!","","",""
"Integrated","HadesField_","0080","HadesField_0080","","","","Пхе, ця довгоноса богиня любові!","","",""
"Integrated","HadesField_","0081","HadesField_0081","","","","Богині полювання краще б вибрати меншу здобич.","","",""
"Integrated","HadesField_","0082","HadesField_0082","","","","Артемідо! Це полювання далеко поза твоєю лігою!","","",""
"Integrated","HadesField_","0083","HadesField_0083","","","","Очікувано, що бог війни буде тут!","","",""
"Integrated","HadesField_","0084","HadesField_0084","","","","Краще тобі не лізти у мої справи, Арес!","","",""
"Integrated","HadesField_","0085","HadesField_0085","","","","Сили цього п'янички мені ніпочому!","","",""
"Integrated","HadesField_","0086","HadesField_0086","","","","Для чого ти брудниш мій одяг вином?!","","",""
"Integrated","HadesField_","0087","HadesField_0087","","","","Я не потуратиму таким вибухам гніву з твого боку, малий!","","",""
"Integrated","HadesField_","0088","HadesField_0088","","","","Ти нацькуєш мою рідню, проти мене?","","",""
"Integrated","HadesField_","0089","HadesField_0089","","","","Як підло з твого боку, втягувати Олімп у це!","","",""
"Integrated","HadesField_","0090","HadesField_0090","","","","Бачиш?","","",""
"Integrated","HadesField_","0091","HadesField_0091","","","","Йди додому.","","",""
"Integrated","HadesField_","0092","HadesField_0092","","","","Йди додому!","","",""
"Integrated","HadesField_","0093","HadesField_0093","","","","Йди додому, я сказав!","","",""
"Integrated","HadesField_","0094","HadesField_0094","","","","Ти сам це на себе накликав.","","",""
"Integrated","HadesField_","0095","HadesField_0095","","","","Лови.","","",""
"Integrated","HadesField_","0096","HadesField_0096","","","","Лови!","","",""
"Integrated","HadesField_","0097","HadesField_0097","","","","Ще?","","",""
"Integrated","HadesField_","0098","HadesField_0098","","","","Ще?","","",""
"Integrated","HadesField_","0099","HadesField_0099","","","","Ну?","","",""
"Integrated","HadesField_","0100","HadesField_0100","","","","Знову?","","",""
"Integrated","HadesField_","0101","HadesField_0101","","","","Знову!","","",""
"Integrated","HadesField_","0102","HadesField_0102","","","","Ти...","","",""
"Integrated","HadesField_","0103","HadesField_0103","","","","Хмф.","","",""
"Integrated","HadesField_","0104","HadesField_0104","","","","Чш.","","",""
"Integrated","HadesField_","0105","HadesField_0105","","","","Кхх.","","",""
"Integrated","HadesField_","0106","HadesField_0106","","","","Пах.","","",""
"Integrated","HadesField_","0107","HadesField_0107","","","","Серйозно.","","",""
"Integrated","HadesField_","0108","HadesField_0108","","","","Нргх.","","",""
"Integrated","HadesField_","0109","HadesField_0109","","","","Сильніше.","","",""
"Integrated","HadesField_","0110","HadesField_0110","","","","Сильніше!","","",""
"Integrated","HadesField_","0111","HadesField_0111","","","","Дійсно.","","",""
"Integrated","HadesField_","0112","HadesField_0112","","","","Ні.","","",""
"Integrated","HadesField_","0113","HadesField_0113","","","","Непотріб.","","",""
"Integrated","HadesField_","0114","HadesField_0114","","","","Ти марнуєш свою силу.","","",""
"Integrated","HadesField_","0115","HadesField_0115","","","","Ідіот.","","",""
"Integrated","HadesField_","0116","HadesField_0116","","","","Краще б ти спробував себе у чомусь вартому витраченого часу.","","",""
"Integrated","HadesField_","0117","HadesField_0117","","","","Я відправляю тебе додому з пустими руками.","","",""
"Integrated","HadesField_","0118","HadesField_0118","","","","Ти такий же ганебний, як і наші родичі на Олімпі.","","",""
"Integrated","HadesField_","0119","HadesField_0119","","","","Я ж казав тобі, малий, виходу немає.","","",""
"Integrated","HadesField_","0120","HadesField_0120","","","","Одного дня, чи вечора, ти озирнешся на все це, і подякуєш мені малий.","","",""
"Integrated","HadesField_","0121","HadesField_0121","","","","Якщо навчати тебе дисципліні доведеться у такий спосіб, то нехай так і буде.","","",""
"Integrated","HadesField_","0122","HadesField_0122","","","","Слідкуй за своїми манерами, коли повернешся у мої зали.","","",""
"Integrated","HadesField_","0123","HadesField_0123","","","","Який невтішно передбачуваний результат.","","",""
"Integrated","HadesField_","0124","HadesField_0124","","","","Ти також мав би очікувати цього результату.","","",""
"Integrated","HadesField_","0125","HadesField_0125","","","","Слабак! Пам'ятай, що я знищив Титанів, малий.","","",""
"Integrated","HadesField_","0126","HadesField_0126","","","","Скільки разів ти змушуватимеш мене це робити?","","",""
"Integrated","HadesField_","0127","HadesField_0127","","","","Продовжуй ці даремні спроби, скільки тобі заманеться.","","",""
"Integrated","HadesField_","0128","HadesField_0128","","","","Твої жалюгідні спроби мене соромлять.","","",""
"Integrated","HadesField_","0129","HadesField_0129","","","","Вважай це відплатою за попередній раз.","","",""
"Integrated","HadesField_","0130","HadesField_0130","","","","Ти дещо сильніший, ніж я очікував, малий.","","",""
"Integrated","HadesField_","0131","HadesField_0131","","","","Як зарозуміло з твого боку, думати, що ти кращий за мене.","","",""
"Integrated","HadesField_","0132","HadesField_0132","","","","Гах... Дідько...","","",""
"Integrated","HadesField_","0133","HadesField_0133","","","","Чш... як...","","",""
"Integrated","HadesField_","0134","HadesField_0134","","","","Нргхх... ти...","","",""
"Integrated","HadesField_","0135","HadesField_0135","","","","Кхх... хех, хех...","","",""
"Integrated","HadesField_","0136","HadesField_0136","","","","Мф... хрм, хрм.","","",""
"Integrated","HadesField_","0137","HadesField_0137","","","","Зустрі... немо... ся... вдома....","","",""
"Integrated","HadesField_","0138","HadesField_0138","","","","Хароне... забери мене додому.","","",""
"Integrated","HadesField_","0139","HadesField_0139","","","","Ви... хо... ду... немає...","","",""
"Integrated","HadesField_","0140","HadesField_0140","","","","Проща... вай.","","",""
"Integrated","HadesField_","0141","HadesField_0141","","","","Гарна... робота...","","",""
"Integrated","HadesField_","0142","HadesField_0142","","","","Унгх... ні...","","",""
"Integrated","HadesField_","0152","HadesField_0152","","","","Пітьма!","","",""
"Integrated","HadesField_","0153","HadesField_0153","","","","Пітьма...!","","",""
"Integrated","HadesField_","0154","HadesField_0154","","","","Пітьма.","","",""
"Integrated","HadesField_","0155","HadesField_0155","","","","Ти смієш ось так кидатися на мене, малий?","","",""
"Integrated","HadesField_","0156","HadesField_0156","","","","Я думаю, що ти підлий хлопчисько!","","",""
"Integrated","HadesField_","0157","HadesField_0157","","","","Я думаю, що ти марнуєш свій час.","","",""
"Integrated","HadesField_","0158","HadesField_0158","","","","Для чого ти продовжуєш ці дурощі?","","",""
"Integrated","HadesField_","0159","HadesField_0159","","","","Якби ж ти міг бути корисним, хоча б час від часу!","","",""
"Integrated","HadesField_","0160","HadesField_0160","","","","Тобі її не знайти! Вона пішла!","","",""
"Integrated","HadesField_","0161","HadesField_0161","","","","Ти лише простий ідіот!","","",""
"Integrated","HadesField_","0162","HadesField_0162","","","","Все, що я тобі сказав, для твого власного добра.","","",""
"Integrated","HadesField_","0163","HadesField_0163","","","","Вона пішла, я кажу!","","",""
"Integrated","HadesField_","0164","HadesField_0164","","","","Ти нічого не знаєш!","","",""
"Integrated","HadesField_","0165","HadesField_0165","","","","Ти хочеш загинути, це те чого ти хочеш?!","","",""
"Integrated","HadesField_","0166","HadesField_0166","","","","Та що ти про це знаєш!","","",""
"Integrated","HadesField_","0167","HadesField_0167","","","","О, це я можу зробити.","","",""
"Integrated","HadesField_","0168","HadesField_0168","","","","З радістю зроблю.","","",""
"Integrated","HadesField_","0169","HadesField_0169","","","","Згинь!","","",""
"Integrated","HadesField_","0170","HadesField_0170","","","","Смерть неминуча.","","",""
"Integrated","HadesField_","0171","HadesField_0171","","","","Падай!","","",""
"Integrated","HadesField_","0172","HadesField_0172","","","","Йди додому!","","",""
"Integrated","HadesField_","0173","HadesField_0173","","","","Ти все ще чиниш опір?","","",""
"Integrated","HadesField_","0174","HadesField_0174","","","","Ти стікаєш кров'ю, малий.","","",""
"Integrated","HadesField_","0175","HadesField_0175","","","","Жалюгідно.","","",""
"Integrated","HadesField_","0176","HadesField_0176","","","","Ось ти й підставився.","","",""
"Integrated","HadesField_","0177","HadesField_0177","","","","Я думав, що Ахіллес навчив тебе бути швидким.","","",""
"Integrated","HadesField_","0183","HadesField_0183","","","","Тобі звідси не вибратися.","","",""
"Integrated","HadesField_","0184","HadesField_0184","","","","Ти не підеш.","","",""
"Integrated","HadesField_","0185","HadesField_0185","","","","Я так не думаю.","","",""
"Integrated","HadesField_","0186","HadesField_0186","","","","Не думаю.","","",""
"Integrated","HadesField_","0187","HadesField_0187","","","","Ти нікуди не підеш.","","",""
"Integrated","HadesField_","0188","HadesField_0188","","","","Ти справді думав, що зможеш просто взяти й піти?","","",""
"Integrated","HadesField_","0189","HadesField_0189","","","","Готуйся...!","","",""
"Integrated","HadesField_","0190","HadesField_0190","","","","Відчуваєш як кров починає закипати?","","",""
"Integrated","HadesField_","0191","HadesField_0191","","","","Надто повільно.","","",""
"Integrated","HadesField_","0192","HadesField_0192","","","","Стережися, малий.","","",""
"Integrated","HadesField_","0193","HadesField_0193","","","","Я зварю твою кров.","","",""
"Integrated","HadesField_","0194","HadesField_0194","","","","Тобі слід було ухилитись від цього.","","",""
"Integrated","HadesField_","0195","HadesField_0195","","","","Дістав тебе.","","",""
"Integrated","HadesField_","0196","HadesField_0196","","","","Що не так, малий?","","",""
"Integrated","HadesField_","0197","HadesField_0197","","","","Прокинься, малий!","","",""
"Integrated","HadesField_","0198","HadesField_0198","","","","Очевидно, що ти міг від цього ухилитися?","","",""
"Integrated","HadesField_","0199","HadesField_0199","","","","У чому річ, малий?","","",""
"Integrated","HadesField_","0200","HadesField_0200","","","","Ти застряг.","","",""
"Integrated","HadesField_","0201","HadesField_0201","","","","Ти влип.","","",""
"Integrated","HadesField_","0202","HadesField_0202","","","","Не ворушись...!","","",""
"Integrated","HadesField_","0203","HadesField_0203","","","","З цього не викрутишся.","","",""
"Integrated","HadesField_","0204","HadesField_0204","","","","Дивись куди ступаєш.","","",""
"Integrated","HadesField_","0205","HadesField_0205","","","","Ти у щось наступив, малий.","","",""
"Integrated","HadesField_","0206","HadesField_0206","","","","Навіть мої злидні не хочуть щоб ти йшов.","","",""
"Integrated","HadesField_","0207","HadesField_0207","","","","Ану, стій де стоїш.","","",""
"Integrated","HadesField_","0216","HadesField_0216","","","","Ти не контролюєш свою тупоголову силу!","","",""
"Integrated","HadesField_","0217","HadesField_0217","","","","Що саме потрібно, щоб ти припинив це безумство?","","",""
"Integrated","HadesField_","0218","HadesField_0218","","","","І я покажу тобі могуть, котра знищила самих Титанів.","","",""
"Integrated","HadesField_","0219","HadesField_0219","","","","Ні! Ти стримуєшся, як завжди.","","",""
"Integrated","HadesField_","0220","HadesField_0220","","","","Ти й поняття не маєш, що тобі потрібно.","","",""
"Integrated","HadesField_","0221","HadesField_0221","","","","Ох, я думаю, що настав ідеальний час.","","",""
"Integrated","HadesField_","0222","HadesField_0222","","","","Впертий телепень!","","",""
"Integrated","HadesField_","0223","HadesField_0223","","","","Те чого ти бажаєш, неможливе!","","",""
"Integrated","HadesField_","0224","HadesField_0224","","","","Ти не можеш зі мною розмовляти таким тоном!","","",""
"Integrated","HadesField_","0225","HadesField_0225","","","","Ні; цим не досягнеш нічого.","","",""
"Integrated","HadesField_","0226","HadesField_0226","","","","Тобі слід бути.","","",""
"Integrated","HadesField_","0227","HadesField_0227","","","","Ти нахабний...!","","",""
"Integrated","HadesField_","0228","HadesField_0228","","","","Я змушу тебе про це пошкодувати.","","",""
"Integrated","HadesField_","0229","HadesField_0229","","","","Добре!","","",""
"Integrated","HadesField_","0230","HadesField_0230","","","","Така зневага!","","",""
"Integrated","HadesField_","0231","HadesField_0231","","","","З радістю.","","",""
"Integrated","HadesField_","0232","HadesField_0232","","","","Я так і думав!","","",""
"Integrated","HadesField_","0233","HadesField_0233","","","","Ти б не послухав, навіть якби я так і зробив!","","",""
"Integrated","HadesField_","0234","HadesField_0234","","","","Та що ти знаєш про нещастя?!","","",""
"Integrated","HadesField_","0235","HadesField_0235","","","","Неслухняний телепень!","","",""
"Integrated","HadesField_","0236","HadesField_0236","","","","Звичайно ж що ми так і зробимо!","","",""
"Integrated","HadesField_","0237","HadesField_0237","","","","Це так, ідіот!","","",""
"Integrated","HadesField_","0238","HadesField_0238","","","","Більше ти цього не зробиш.","","",""
"Integrated","HadesField_","0239","HadesField_0239","","","","Я буду поводитися з тобою так, як ти того заслуговуєш.","","",""
"Unused","HadesField_","0240","HadesField_0240","","","","Варата... Тепер я впізнаю його присутність. Це не просто якийсь там двосторонній спис, у твоїх руках. Я ніколи не міг дивитися на нього, не після того, що мої брати та сестри та я... після того, як нашу підлу роботу було зроблено.","","",""
"Integrated","HadesField_","0255","HadesField_0255","","","","Тут це не спрацює.","","",""
"Integrated","HadesField_","0256","HadesField_0256","","","","Тут тобі ніхто не допоможе.","","",""
"Integrated","HadesField_","0257","HadesField_0257","","","","Бийся зі мною сам!","","",""
"Integrated","HadesField_","0258","HadesField_0258","","","","У чому річ, малий?","","",""
"Integrated","HadesField_","0259","HadesField_0259","","","","Допомоги не буде, малий!","","",""
"Integrated","HadesField_","0260","HadesField_0260","","","","Я так не думаю.","","",""
"Integrated","HadesField_","0261","HadesField_0261","","","","Думаєш, Мегера тобі тут допоможе?!","","",""
"Integrated","HadesField_","0262","HadesField_0262","","","","Ти дійсно вважаєш, що Танатос став би кидати мені виклик?!","","",""
"Integrated","HadesField_","0263","HadesField_0263","","","","На що ти розраховував, малий?","","",""
"Integrated","HadesField_","0264","HadesField_0264","","","","Я тебе не викликав!","","",""
"Integrated","HadesField_","0265","HadesField_0265","","","","Негайно повертайся на свій пост, ти злидню!","","",""
"Integrated","HadesField_","0266","HadesField_0266","","","","Ти, назвися!!","","",""
"Integrated","HadesField_","0267","HadesField_0267","","","","Хто цей негідник?!","","",""
"Integrated","HadesField_","0268","HadesField_0268","","","","Що це за низько роджений злидень?!","","",""
"Integrated","HadesField_","0269","HadesField_0269","","","","Цей бісів злидень повернувся?","","",""
"Integrated","HadesField_","0270","HadesField_0270","","","","Згинь звідси, біс би тебе побрав!!","","",""
"Integrated","HadesField_","0271","HadesField_0271","","","","Ти дуже шкодуватимеш про це, злидню!","","",""
"Integrated","HadesField_","0272","HadesField_0272","","","","Це що була брила, прямо з бісового неба?","","",""
"Integrated","HadesField_","0273","HadesField_0273","","","","Твоя робота, як я розумію, Брате Зевс?!","","",""
"Integrated","HadesField_","0274","HadesField_0274","","","","Це твій дурний вчинок, Посейдоне?!","","",""
"Integrated","HadesField_","0275","HadesField_0275","","","","Ще один з твоїх бісових валунів, малий?!","","",""
"Integrated","HadesField_","0276","HadesField_0276","","","","Це лише уламок Храму, і не більше того!","","",""
"Integrated","HadesField_","0277","HadesField_0277","","","","Це той самий бісовий валун, що і раніше?!","","",""
"Integrated","HadesField_","0278","HadesField_0278","","","","Ти наді мною знущаєшся роблячи такі трюки?","","",""
"Integrated","HadesField_","0279","HadesField_0279","","","","Смішна пародія на атаку.","","",""
"Integrated","HadesField_","0280","HadesField_0280","","","","Тут буває лише кепська погода!","","",""
"Integrated","HadesField_","0281","HadesField_0281","","","","Падай!","","",""
"Integrated","HadesField_","0282","HadesField_0282","","","","Падай, дідько б тебе забрав!","","",""
"Integrated","HadesField_","0283","HadesField_0283","","","","Я сказав, падай!","","",""
"Integrated","HadesField_","0284","HadesField_0284","","","","Ти...!","","",""
"Integrated","HadesField_","0285","HadesField_0285","","","","Вмри!","","",""
"Integrated","HadesField_","0286","HadesField_0286","","","","Ти мене довів, малий!!","","",""
"Integrated","HadesField_","0287","HadesField_0287","","","","Ну тоді, покінчімо з цим, малий!!","","",""
"Integrated","HadesField_","0288","HadesField_0288","","","","Я не прийматиму такої неповаги від тебе!!","","",""
"Integrated","HadesField_","0289","HadesField_0289","","","","Бажаєш прогнівити мене?!","","",""
"Integrated","HadesField_","0290","HadesField_0290","","","","Ти сам це на себе накликав!!","","",""
"Integrated","HadesField_","0291","HadesField_0291","","","","Я більше не терпітиму цього від тебе!!","","",""
"Integrated","HadesField_","0292","HadesField_0292","","","","Рааауууггхххх!!","","",""
"Integrated","HadesField_","0293","HadesField_0293","","","","Нрррааагхх!!","","",""
"Integrated","HadesField_","0294","HadesField_0294","","","","Ідіот!","","",""
"Integrated","HadesField_","0295","HadesField_0295","","","","Ти ще згинеш.","","",""
"Integrated","HadesField_","0296","HadesField_0296","","","","Зможеш продовжувати в тому ж дусі?","","",""
"Integrated","HadesField_","0297","HadesField_0297","","","","Ти лише тягнеш час, малий!","","",""
"Integrated","HadesField_","0298","HadesField_0298","","","","Ще не переконався, що треба повернутися, як я бачу?","","",""
"Integrated","HadesField_","0299","HadesField_0299","","","","Хочеш ще, як я бачу?","","",""
"Integrated","HadesField_","0300","HadesField_0300","","","","Отримуй!!","","",""
"Integrated","HadesField_","0301","HadesField_0301","","","","Це задля твого ж власного добра!","","",""
"Integrated","HadesField_","0302","HadesField_0302","","","","Поглянемо, як ти втечеш від цього!","","",""
"Integrated","HadesField_","0303","HadesField_0303","","","","Ти згориш!","","",""
"Integrated","HadesField_","0304","HadesField_0304","","","","Узри!!","","",""
"Integrated","HadesField_","0305","HadesField_0305","","","","Вогонь!!","","",""
"Integrated","HadesField_","0306","HadesField_0306","","","","Хрнгх... грр...","","",""
"Integrated","HadesField_","0307","HadesField_0307","","","","Унгх... <смішок>","","",""
"Integrated","HadesField_","0308","HadesField_0308","","","","Нгх... ти...!","","",""
"Integrated","HadesField_","0309","HadesField_0309","","","","Даа... хлопчисько...","","",""
"Integrated","HadesField_","0310","HadesField_0310","","","","Як... аугх...","","",""
"Integrated","HadesField_","0311","HadesField_0311","","","","Біс... з тобою...","","",""
"Integrated","HadesField_","0312","HadesField_0312","","","","Нев... дяч... ний...","","",""
"Integrated","HadesField_","0313","HadesField_0313","","","","Як... ти... смієш...","","",""
"Integrated","HadesField_","0314","HadesField_0314","","","","Ти... поплатишся... за...","","",""
"Integrated","HadesField_","0315","HadesField_0315","","","","Тобі... не...","","",""
"Integrated","HadesField_","0316","HadesField_0316","","","","Ах... ти... як...?","","",""
"Integrated","HadesField_","0317","HadesField_0317","","","","Ти ніколи не вчишся.","","",""
"Integrated","HadesField_","0318","HadesField_0318","","","","Ти впертий, малий; але, і я також.","","",""
"Integrated","HadesField_","0319","HadesField_0319","","","","Ахіллес досить непогано тебе навчив.","","",""
"Integrated","HadesField_","0320","HadesField_0320","","","","Припускаю, що ми зустрінемось тут знову в якийсь інший вечір.","","",""
"Integrated","HadesField_","0321","HadesField_0321","","","","Тепер, коли наші справи тут закінчені, я можу повернутись до роботи.","","",""
"Integrated","HadesField_","0327","HadesField_0327","","","","Деметрі краще не втручатися в мої справи!","","",""
"Integrated","HadesField_","0328","HadesField_0328","","","","Ця холодна відьма досі псує погоду?!","","",""
"Integrated","HadesField_","0359","HadesField_0359","","","","Ти справді думаєш, що можеш просто взяти та піти?","","",""
"Integrated","HadesField_","0360","HadesField_0360","","","","Ти, знову смієш спробувати мене перемогти?","","",""
"Integrated","HadesField_","0361","HadesField_0361","","","","Ти справді вважаєш, що тобі місце на поверхні?","","",""
"Integrated","HadesField_","0362","HadesField_0362","","","","Ти хоча б усвідомлюєш, що робиш, малий?","","",""
"Integrated","HadesField_","0363","HadesField_0363","","","","Чому ти продовжуєш це робити, раз за бісовим разом?","","",""
"Integrated","HadesField_","0364","HadesField_0364","","","","Чому ти знову змушуєш мене протистояти тобі тут?","","",""
"Integrated","HadesField_","0365","HadesField_0365","","","","Чому ти бажаєш вмирати раз за разом, ось так?","","",""
"Integrated","HadesField_","0366","HadesField_0366","","","","Для чого ти пройшов увесь цей шлях, знову?","","",""
"Integrated","HadesField_","0367","HadesField_0367","","","","Ця твоя жорстока сила! Як же ти схожий на своїх родичів!","","",""
"Integrated","HadesField_","0368","HadesField_0368","","","","Тобі бракує належної форми! Чиста, брутальна сила!","","",""
"Integrated","HadesField_","0369","HadesField_0369","","","","Це ще один прояв твоєї жорстокої сили?","","",""
"Integrated","HadesField_","0370","HadesField_0370","","","","Що потрібно, для того щоб все це закінчилося?","","",""
"Integrated","HadesField_","0371","HadesField_0371","","","","Що потрібно, для того щоб ти перестав змушувати мене боротися тут з тобою?","","",""
"Integrated","HadesField_","0372","HadesField_0372","","","","Що саме потрібно, щоб ти зупинив ці дурощі?","","",""
"Integrated","HadesField_","0373","HadesField_0373","","","","Чого тобі коштуватиме, набратися трохи здорового глузду?","","",""
"Integrated","HadesField_","0374","HadesField_0374","","","","Я... не можу... залишитись.","","",""
"Integrated","HadesField_","0375","HadesField_0375","","","","Моя... сила... підвела...","","",""
"Integrated","HadesField_","0376","HadesField_0376","","","","Дідько... я... ургх...","","",""
"Integrated","HadesField_","0377","HadesField_0377","","","","Знову, я... ти...","","",""
"Integrated","HadesField_","0378","HadesField_0378","","","","Ти ніколи... по-справжньому... не переможеш...","","",""
"Integrated","HadesField_","0379","HadesField_0379","","","","Я... цього... не забуду...","","",""
"Integrated","HadesField_","0380","HadesField_0380","","","","Ти... задоволений... собою...","","",""
"Integrated","HadesField_","0381","HadesField_0381","","","","Скоро... ти... приєднаєшся...","","",""
"Integrated","HadesField_","0392","HadesField_0392","","","","До мене, злидні! Знищте мого нащадка, і вічні муки чекатимуть на вас, якщо ви заговорите про це!","","",""
"Integrated","HadesField_","0393","HadesField_0393","","","","Повстаньте, злидні, і бийтеся з такою жорстокістю, з якою ви колись чіплялись за свої мізерні життя!","","",""
"Integrated","HadesField_","0394","HadesField_0394","","","","Злидні Підземного Царства, я наказую вам повстати та битися за мене!","","",""
"Integrated","HadesField_","0395","HadesField_0395","","","","Пробудіться, злидні, і бийтеся знову на теренах царства мертвих, де вас було вбито!","","",""
"Integrated","HadesField_","0396","HadesField_0396","","","","Почуйте ж мій поклик, злидні, і затягніть мого норовливого сина у свою безодню!","","",""
"Integrated","HadesField_","0397","HadesField_0397","","","","","","",""
"Integrated","HadesField_","0398","HadesField_0398","","","","","","",""
"Integrated","HadesField_","0399","HadesField_0399","","","","","","",""
"Integrated","HadesField_","0400","HadesField_0400","","","","","","",""
"Integrated","HadesField_","0401","HadesField_0401","","","","","","",""
"Integrated","HadesField_","0402","HadesField_0402","","","","","","",""
"Integrated","HadesField_","0403","HadesField_0403","","","","","","",""
"Integrated","HadesField_","0404","HadesField_0404","","","","","","",""
"Integrated","HadesField_","0405","HadesField_0405","","","","","","",""
"Integrated","HadesField_","0406","HadesField_0406","","","","","","",""
"Integrated","HadesField_","0407","HadesField_0407","","","","","","",""
"Integrated","HadesField_","0408","HadesField_0408","","","","","","",""
"Integrated","HadesField_","0409","HadesField_0409","","","","","","",""
"Integrated","HadesField_","0410","HadesField_0410","","","","","","",""
"Integrated","HadesField_","0411","HadesField_0411","","","","","","",""
"Integrated","HadesField_","0412","HadesField_0412","","","","","","",""
"Integrated","HadesField_","0413","HadesField_0413","","","","","","",""
"Integrated","HadesField_","0414","HadesField_0414","","","","","","",""
"Integrated","HadesField_","0415","HadesField_0415","","","","Йди. Перш ніж я передумаю.","","",""
"Integrated","HadesField_","0416","HadesField_0416","","","","Не цього разу.","","",""
"Integrated","HadesField_","0417","HadesField_0417","","","","Цього разу тобі мене не змусити.","","",""
"Integrated","HadesField_","0418","HadesField_0418","","","","Не змушуй її чекати.","","",""
"Integrated","HadesField_","0419","HadesField_0419","","","","Йди до неї, я кажу.","","",""
"Integrated","HadesField_","0420","HadesField_0420","","","","Годі цього.","","",""
"Integrated","HadesField_","0433","HadesField_0433","Ending - Victory Against the Player","This is after Hades grudgingly accepts Zag.","","Здається, у мене ще й досі залишилась крапля старої сили.","","",""
"Integrated","HadesField_","0433","HadesField_0433","","","","Здається, у мене ще й досі залишилась крапля старої сили.","","",""
"Integrated","HadesField_","0434","HadesField_0434","","","","Пощастить більше наступного разу, Загрею.","","",""
"Integrated","HadesField_","0435","HadesField_0435","","","","Ну, ти хоча б дістався сюди.","","",""
"Integrated","HadesField_","0436","HadesField_0436","","","","Дбайливо поводься Вдома, поки мене немає.","","",""
"Integrated","HadesField_","0437","HadesField_0437","","","","До нашої наступної зустрічі.","","",""
"Integrated","HadesField_","0438","HadesField_0438","","","","Можливо, наступного разу, твої справи складуться по іншому.","","",""
"Integrated","HadesField_","0439","HadesField_0439","","","","Інколи, намагатись з усіх сил недостатньо, малий.","","",""
"Integrated","HadesField_","0440","HadesField_0440","","","","Наступного разу, чекаю кращих результатів від тебе.","","",""
"Integrated","HadesField_","0441","HadesField_0441","","","","Навіть спільних зусиль Олімпу, було недостатньо.","","",""
"Integrated","HadesField_","0442","HadesField_0442","","","","Наступного разу тобі слід попросити ще більше допомоги у своїх родичів.","","",""
"Integrated","HadesField_","0443","HadesField_0443","","","","Мегеро, що ти тут робиш?","","",""
"Integrated","HadesField_","0444","HadesField_0444","","","","Для чого стрибати йому на допомогу, Мегеро?","","",""
"Integrated","HadesField_","0445","HadesField_0445","","","","Я впевнений, що ти потрібна деінде, Мегеро!","","",""
"Integrated","HadesField_","0446","HadesField_0446","","","","Не варто допомагати йому, Мегеро!","","",""
"Integrated","HadesField_","0447","HadesField_0447","","","","Ти марнуєш цінний час Мегери!","","",""
"Integrated","HadesField_","0448","HadesField_0448","","","","Повертайся до своїх обов'язків, Танатосе!","","",""
"Integrated","HadesField_","0449","HadesField_0449","","","","Хіба немає смертних котрими тобі варто було б зайнятись, Танатосе?","","",""
"Integrated","HadesField_","0450","HadesField_0450","","","","Не варто його слухати, Танатосе!","","",""
"Integrated","HadesField_","0451","HadesField_0451","","","","Відриваєш Танатоса від його зобов'язань, як я бачу!","","",""
"Integrated","HadesField_","0452","HadesField_0452","","","","Не варто було втягувати бідного Танатоса у весь цей безлад!","","",""
"Integrated","HadesField_","0453","HadesField_0453","","","","Назад на свій пост, Тіне!","","",""
"Integrated","HadesField_","0454","HadesField_0454","","","","Мені це не до вподоби, Тіне!","","",""
"Integrated","HadesField_","0455","HadesField_0455","","","","Геть звідси, назад до Елісію!","","",""
"Integrated","HadesField_","0456","HadesField_0456","","","","Знаменита майстерність Мірмідонів зі списом!","","",""
"Integrated","HadesField_","0457","HadesField_0457","","","","Все ще не розгубив свої іскри, Тіне?","","",""
"Integrated","HadesField_","0458","HadesField_0458","","","","Ми не за це платимо горгоні!","","",""
"Integrated","HadesField_","0459","HadesField_0459","","","","Негайно повертайся на свій пост, горгоно!","","",""
"Integrated","HadesField_","0460","HadesField_0460","","","","Ти опікун, а не воїн, горгоно!","","",""
"Integrated","HadesField_","0461","HadesField_0461","","","","Що тут взагалі забула горгона?","","",""
"Integrated","HadesField_","0462","HadesField_0462","","","","Ти покликав нашого опікуна на допомогу?","","",""
"Integrated","HadesField_","0463","HadesField_0463","","","","Бийся зі мною сам!","","",""
"Integrated","HadesField_","0464","HadesField_0464","","","","Чому б тобі не запросити ще кількох своїх друзів, малий?","","",""
"Integrated","HadesField_","0465","HadesField_0465","","","","Не втягуй у це інших!","","",""
"Integrated","HadesField_","0466","HadesField_0466","","","","Тобі потрібна допомога навіть зараз?","","",""
"Integrated","HadesField_","0467","HadesField_0467","","","","Кого ще ти втягнеш у це?","","",""
"Integrated","HadesField_","0468","HadesField_0468","","","","Ще один внесок від мого брата Зевса!","","",""
"Integrated","HadesField_","0469","HadesField_0469","","","","Будь вдячним, що мій брат тебе підтримує!","","",""
"Integrated","HadesField_","0470","HadesField_0470","","","","Брат Посейдон знайшов час щоб втрутитись?","","",""
"Integrated","HadesField_","0471","HadesField_0471","","","","Посейдон просто зобов'язаний стверджуватись при кожній нагоді!","","",""
"Integrated","HadesField_","0472","HadesField_0472","","","","Як добре, що мудра Афіна вирішила до нас приєднатися!","","",""
"Integrated","HadesField_","0473","HadesField_0473","","","","Де б ти був, без допомоги Афіни?","","",""
"Integrated","HadesField_","0474","HadesField_0474","","","","Обов'язково втягувати Афродіту у все це?","","",""
"Integrated","HadesField_","0475","HadesField_0475","","","","Напевно для Афродіти це все якийсь жарт!","","",""
"Integrated","HadesField_","0476","HadesField_0476","","","","Малий, це на тебе тут полюють!","","",""
"Integrated","HadesField_","0477","HadesField_0477","","","","Богиня полювання мали б знати, коли відступити.","","",""
"Integrated","HadesField_","0478","HadesField_0478","","","","Для твого кузена Ареса це все, мабуть, дуже захоплююче, малий!","","",""
"Integrated","HadesField_","0479","HadesField_0479","","","","Цей Арес, може обернути будь-яку маленьку суперечку на війну!","","",""
"Integrated","HadesField_","0480","HadesField_0480","","","","Це битва, а не час для веселощів!","","",""
"Integrated","HadesField_","0481","HadesField_0481","","","","Ти звертаєшся по допомогу до питущого Діоніса, малий?","","",""
"Integrated","HadesField_","0482","HadesField_0482","","","","У моєї названої сестри мають бути цікавіші справи!","","",""
"Integrated","HadesField_","0483","HadesField_0483","","","","Цій Деметрі, варто б подбати про іншу земельну ділянку!","","",""
"Integrated","HadesField_","0484","HadesField_0484","","","","Здається, що тобі знадобиться будь-яка допомога яку ти зможеш отримати!","","",""
"Integrated","HadesField_","0485","HadesField_0485","","","","Ах, так, моя люба родина так гарно допомагає!","","",""
"Integrated","HadesField_","0486","HadesField_0486","","","","Отже, ось як Олімп допомагає нашому володінню?!","","",""
"Integrated","HadesField_","0487","HadesField_0487","","","","Як люб'язно з боку Олімпу було з'явитися!","","",""
"Integrated","HadesField_","0488","HadesField_0488","","","","Ти... переміг... малий...","","",""
"Integrated","HadesField_","0489","HadesField_0489","","","","Гарна... робота... малий....","","",""
"Integrated","HadesField_","0490","HadesField_0490","","","","А ти... досить... сильний...","","",""
"Integrated","HadesField_","0491","HadesField_0491","","","","Ти... гарно... бився...","","",""
"Integrated","HadesField_","0492","HadesField_0492","","","","Зробимо... це... знову...","","",""
"Integrated","HadesField_","0493","HadesField_0493","","","","Я... тебе... ще... дістану...","","",""
"Integrated","HadesField_","0494","HadesField_0494","","","","Знову... програв...","","",""
"Integrated","HadesField_","0495","HadesField_0495","","","","Я... майже... тебе... дістав...","","",""
"Integrated","HadesField_","0496","HadesField_0496","","","","Така... сила... малий...","","",""
"Integrated","HadesField_","0497","HadesField_0497","","","","Я... мушу... йти...","","",""
"Integrated","HadesField_","0506","HadesField_0506","Ending - Father-Son Argument Alts
They are still going at it but now their arguments are less vicious in nature, more domestic. Ones that sound kind and polite should have a biting, sarcastic quality. Like they're having tea-time except they're fighting to the death.","Eyes wide, ferocious. Remember this is in the middle of the fight, them cutting brutally into one another and so on.","","Ти думаєш, я стану тобі піддаватися, малий?","","",""
"Integrated","HadesField_","0506","HadesField_0506","","","","Ти думаєш, я стану тобі піддаватися, малий?","","",""
"Integrated","HadesField_","0507","HadesField_0507","","","","Думаєш, твоя матір змусить мене стати м'якшим, еге ж?","","",""
"Integrated","HadesField_","0508","HadesField_0508","","","","Чому б тобі не прибрати свою кімнату з таким же завзяттям?","","",""
"Integrated","HadesField_","0509","HadesField_0509","","","","Ти не дістався б сюди без допомоги Олімпу, малий!","","",""
"Integrated","HadesField_","0510","HadesField_0510","","","","Хто з наших родичів допоміг тобі на цей раз, малий?","","",""
"Integrated","HadesField_","0511","HadesField_0511","","","","Твоя мати вже почала розпещувати тебе!","","",""
"Integrated","HadesField_","0512","HadesField_0512","","","","Я сподіваюсь, що ти гарно проводиш вечір, малий?","","",""
"Integrated","HadesField_","0513","HadesField_0513","","","","Загрею! Це найкраще на що ти здатен?","","",""
"Integrated","HadesField_","0514","HadesField_0514","","","","Загрею! Покажи мені чого ти навчився!","","",""
"Integrated","HadesField_","0515","HadesField_0515","","","","Загрею! Сподіваюсь, подорож сюди була приємною?","","",""
"Integrated","HadesField_","0516","HadesField_0516","","","","Загрею! Як проходять твої грабування моїх володінь?","","",""
"Integrated","HadesField_","0517","HadesField_0517","","","","Якщо так подумати, ти досить сприйнятливий до цієї форми повчання!","","",""
"Integrated","HadesField_","0518","HadesField_0518","","","","Знаєш що, я думаю ти маєш рацію!","","",""
"Integrated","HadesField_","0519","HadesField_0519","","","","Тебе легко відволікти, ти це знаєш?","","",""
"Integrated","HadesField_","0520","HadesField_0520","","","","Звичайно що так.","","",""
"Integrated","HadesField_","0521","HadesField_0521","","","","Нерозумна думка, ось і все!","","",""
"Integrated","HadesField_","0522","HadesField_0522","","","","Думаю, ми можемо!","","",""
"Integrated","HadesField_","0523","HadesField_0523","","","","Стався до неї з повагою!","","",""
"Integrated","HadesField_","0524","HadesField_0524","","","","Не дозволяй собі поводитись з нею так, як дозволяєш зі мною!","","",""
"Integrated","HadesField_","0525","HadesField_0525","","","","Ах, як я міг забути?","","",""
"Integrated","HadesField_","0526","HadesField_0526","","","","Візьми свої слова про мої покої назад!","","",""
"Integrated","HadesField_","0527","HadesField_0527","","","","Що ти знаєш про справжню роботу?","","",""
"Integrated","HadesField_","0528","HadesField_0528","","","","Я тут ставлю запитання!","","",""
"Integrated","HadesField_","0529","HadesField_0529","","","","Баа, біс з тобою, малий!","","",""
"Integrated","HadesField_","0530","HadesField_0530","","","","Більше ніж ти знаєш!","","",""
"Integrated","HadesField_","0531","HadesField_0531","","","","О, я в захваті, малий!","","",""
"Integrated","HadesField_","0532","HadesField_0532","","","","Одного дня, ти зрозумієш!","","",""
"Integrated","HadesField_","0533","HadesField_0533","","","","Думаю, настав час тобі померти!","","",""
"Integrated","HadesField_","0534","HadesField_0534","","","","Навіть не прикидайся, що тобі не байдуже!","","",""
"Integrated","HadesField_","0535","HadesField_0535","","","","Ах, ну, я вдячний тобі за інформацію!","","",""
"Integrated","HadesField_","0536","HadesField_0536","","","","Тоді, будь ласка, навчи мене ще чомусь!","","",""
"Integrated","HadesField_","0537","HadesField_0537","","","","Завжди якісь звинувачення від тебе!","","",""
"Integrated","HadesField_","0538","HadesField_0538","","","","Ох, ну знаєш, все як завжди!","","",""
"Integrated","HadesField_","0539","HadesField_0539","","","","Я так і думав!","","",""
"Integrated","HadesField_","0540","HadesField_0540","","","","Який же це сором!","","",""
"Integrated","HadesField_","0541","HadesField_0541","","","","Немає за що, малий!","","",""
"Integrated","HadesField_","0542","HadesField_0542","","","","Як дбайливо з твого боку, дійсно!","","",""
"Integrated","HadesField_","0543","HadesField_0543","","","","Дійсно радий це чути.","","",""
"Integrated","HadesField_","0544","HadesField_0544","","","","Я можу це зробити!","","",""
"Integrated","HadesField_","0545","HadesField_0545","","","","Знову понурий, як і завжди!","","",""
"Integrated","HadesField_","0546","HadesField_0546","","","","Ах, так, дійсно!","","",""
"Integrated","HadesField_","0547","HadesField_0547","","","","Нам всім є чому повчитися, я так думаю!","","",""
"Integrated","HadesField_","0548","HadesField_0548","","","","Безнадійний хлопчисько!","","",""
"Integrated","HadesField_","0549","HadesField_0549","","","","Ти нахабний...!","","",""
"Integrated","HadesField_","0550","HadesField_0550","","","","Ти зухвалий...!","","",""
"Integrated","HadesField_","0551","HadesField_0551","","","","Досить!","","",""
"Integrated","HadesField_","0552","HadesField_0552","","","","Тихо!","","",""
"Integrated","HadesField_","0553","HadesField_0553","","","","Ну гаразд!","","",""
"Integrated","HadesField_","0554","HadesField_0554","","","","Кінець роботи, малий!","","",""
"Integrated","HadesField_","0555","HadesField_0555","","","","Баа...!","","",""
"Integrated","HadesField_","0556","HadesField_0556","","","","Ти та твої дотепні жартики!","","",""
"Integrated","HadesField_","0563","HadesField_0563","PreAttackVoiceLines Variety","","","Падай, дідько б тебе забрав!","","",""
"Integrated","HadesField_","0563","HadesField_0563","","","","Падай, дідько б тебе забрав!","","",""
"Integrated","HadesField_","0564","HadesField_0564","","","","Вмри вже нарешті!","","",""
"Integrated","HadesField_","0565","HadesField_0565","","","","Повертайся!","","",""
"Integrated","HadesField_","0566","HadesField_0566","","","","Повертайся!","","",""
"Integrated","HadesField_","0567","HadesField_0567","","","","Ах, ти!","","",""
"Integrated","HadesField_","0568","HadesField_0568","","","","Приготуйся!","","",""
"Integrated","HadesField_","0569","HadesField_0569","","","","Малий...!","","",""
"Integrated","HadesField_","0570","HadesField_0570","","","","Загрею...!","","",""
"Integrated","HadesField_","0571","HadesField_0571","","","","Ми не закінчили!","","",""
"Integrated","HadesField_","0572","HadesField_0572","","","","Біс би тебе побрав!","","",""
"Integrated","HadesField_","0573","HadesField_0573","","","","Ось і все!","","",""
"Integrated","HadesField_","0574","HadesField_0574","","","","Ти справді смієш?","","",""
"Integrated","HadesField_","0575","HadesField_0575","","","","Не стримуйся!","","",""
"Integrated","HadesField_","0576","HadesField_0576","","","","Більше не стримуйся!","","",""
"Integrated","HadesField_","0577","HadesField_0577","","","","Ну гаразд!","","",""
"Integrated","HadesField_","0578","HadesField_0578","","","","Спробуй зробити це знову!","","",""
"Integrated","HadesField_","0579","HadesField_0579","","","","Я очікував від тебе більшого ніж це.","","",""
"Integrated","HadesField_","0580","HadesField_0580","","","","Підходь, ти вже перемагав мене раніше!","","",""
"Integrated","HadesField_","0581","HadesField_0581","","","","Де була твоя дика сила цього разу?","","",""
"Integrated","HadesField_","0582","HadesField_0582","","","","Я очікував від тебе більшої послідовності.","","",""
"Integrated","HadesField_","0583","HadesField_0583","","","","Я і досі більш ніж здатен тебе перемогти.","","",""
"Integrated","HadesField_","0584","HadesField_0584","","","","Ну будь надто гордим зі мною, малий.","","",""
"Integrated","HadesField_","0585","HadesField_0585","","","","Ти міг би впоратися краще.","","",""
"Integrated","HadesField_","0586","HadesField_0586","","","","Знову дістав тебе, малий.","","",""
"Integrated","HadesField_","0587","HadesField_0587","","","","Все краще ніж безперервно слухати скарги тіней.","","",""
"Integrated","HadesField_","0588","HadesField_0588","","","","Даремні зусилля.","","",""
"Integrated","HadesField_","0589","HadesField_0589","","","","Як нерозсудливо.","","",""
"Integrated","HadesField_","0590","HadesField_0590","","","","Я так не думаю.","","",""
"Integrated","HadesField_","0591","HadesField_0591","","","","Боюся, що ні.","","",""
"Integrated","HadesField_","0592","HadesField_0592","","","","Угх...","","",""
"Integrated","HadesField_","0593","HadesField_0593","","","","Як...","","",""
"Integrated","HadesField_","0594","HadesField_0594","","","","Ні...","","",""
"Integrated","HadesField_","0595","HadesField_0595","","","","Хрм...","","",""
"Integrated","HadesField_","0596","HadesField_0596","","","","Тож...","","",""
"Integrated","HadesField_","0597","HadesField_0597","","","","Я бачу...","","",""
"Integrated","HadesField_","0598","HadesField_0598","","","","Добре...","","",""
"Integrated","HadesField_","0617","HadesField_0617","","","","<Зітхає>","","",""
"Integrated","HadesField_","0625","HadesField_0625","","","","Цербере!!","","",""
"Integrated","HadesField_","0626","HadesField_0626","","","","Цербере!!","","",""
"Integrated","HadesField_","0627","HadesField_0627","","","","Цербере?!","","",""
"Integrated","HadesField_","0628","HadesField_0628","","","","Зараз, Цербере!!","","",""
"Integrated","HadesField_","0629","HadesField_0629","","","","Ось він я!!","","",""
"Integrated","HadesField_","0630","HadesField_0630","","","","Так, я тебе добре чую!","","",""
"Integrated","HadesField_","0631","HadesField_0631","","","","Що?!","","",""
"Integrated","HadesField_","0632","HadesField_0632","","","","Малий!!","","",""
"Integrated","HadesField_","0633","HadesField_0633","","","","Сину!!","","",""
"Integrated","HadesField_","0634","HadesField_0634","","","","Ой, та стулися вже!","","",""
"Integrated","HadesField_","0635","HadesField_0635","","","","Зникни, мені без різниці!","","",""
"Integrated","HadesField_","0636","HadesField_0636","","","","Мертві душі, відновіть мою силу!","","",""
"Integrated","HadesField_","0637","HadesField_0637","","","","Крізь смерть, я здобуваю життя!","","",""
"Integrated","HadesField_","0638","HadesField_0638","","","","Душі померлих, до мене!","","",""
"Integrated","HadesField_","0639","HadesField_0639","","","","Ці смертні душі мої!","","",""
"Integrated","HadesField_","0640","HadesField_0640","","","","Тобі мене не зламати, малий!","","",""
"Integrated","HadesField_","0641","HadesField_0641","","","","Всі прокляті душі, вперед!","","",""
"Integrated","HadesField_","0642","HadesField_0642","","","","Всі ви мертві душі мої!","","",""
"Integrated","HadesField_","0643","HadesField_0643","","","","Я знову стану собою!","","",""
"Integrated","HadesField_","0644","HadesField_0644","","","","Станьте пітьмою, злидні, і знищте його, зараз же!","","",""
"Integrated","HadesField_","0645","HadesField_0645","","","","До мене, злидні! Я змушу тебе зникнути з нашого поля зору!","","",""
"Integrated","HadesField_","0646","HadesField_0646","","","","Повстаньте, злидні, і бийтеся без сліду!","","",""
"Integrated","HadesField_","0647","HadesField_0647","","","","Невмирущі злидні, я наказую вам битись!","","",""
"Integrated","HadesField_","0648","HadesField_0648","","","","Почуйте мене, злидні, я наказую!","","",""
"Integrated","HadesField_","0649","HadesField_0649","","","","Я не програю тобі знову!!","","",""
"Integrated","HadesField_","0650","HadesField_0650","","","","Я... ще... можу... битися!","","",""
"Integrated","HadesField_","0651","HadesField_0651","","","","Ми... ще... не закінчили!","","",""
"Integrated","HadesField_","0652","HadesField_0652","","","","Подивимося, що ти скажеш на це!","","",""
"Integrated","HadesField_","0653","HadesField_0653","","","","Ти... не можеш... мене... вбити!","","",""
"Integrated","HadesField_","0654","HadesField_0654","","","","Підійди та помри!","","",""
"Integrated","HadesField_","0655","HadesField_0655","","","","Ну, ось і все!","","",""
"Integrated","HadesField_","0656","HadesField_0656","","","","Бийся зі мною по справжньому, дідько б тебе побрав!","","",""
"Integrated","HadesField_","0663","HadesField_0663","","","","Зевсе...!","","",""
"Integrated","HadesField_","0664","HadesField_0664","","","","Брате? Дідько!","","",""
"Integrated","HadesField_","0665","HadesField_0665","","","","Посейдоне...!","","",""
"Integrated","HadesField_","0666","HadesField_0666","","","","Чорт тебе забирай, Брате!","","",""
"Integrated","HadesField_","0667","HadesField_0667","","","","Я вб'ю тебе як тільки її щит впаде.","","",""
"Integrated","HadesField_","0668","HadesField_0668","","","","Афіні було б розумно триматися якомога далі від цього!","","",""
"Integrated","HadesField_","0669","HadesField_0669","","","","Ти думаєш про неї, в такий час?!","","",""
"Integrated","HadesField_","0670","HadesField_0670","","","","Тобі мене не зачепити, малий!","","",""
"Integrated","HadesField_","0671","HadesField_0671","","","","Здобич ти, не я.","","",""
"Integrated","HadesField_","0672","HadesField_0672","","","","Тобі знадобиться набагато більше стріл!","","",""
"Integrated","HadesField_","0673","HadesField_0673","","","","Негайно поверни назад, малий!","","",""
"Integrated","HadesField_","0674","HadesField_0674","","","","Твоїх перетворень не вистачить на довго.","","",""
"Integrated","HadesField_","0675","HadesField_0675","","","","Думаєш це привід для святкування, малий?!","","",""
"Integrated","HadesField_","0676","HadesField_0676","","","","Ти затуманюєш свою свідомість дурощами!","","",""
"Integrated","HadesField_","0677","HadesField_0677","","","","Холод мені ніпочім!","","",""
"Integrated","HadesField_","0678","HadesField_0678","","","","Деметро, ти...!","","",""
"Integrated","HadesField_","0679","HadesField_0679","","","","Гррр...!","","",""
"Integrated","HadesField_","0680","HadesField_0680","","","","Ти та твої родичі!","","",""
"Integrated","HadesField_","0681","HadesField_0681","","","","Цей бісів...!","","",""
"Integrated","HadesField_","0682","HadesField_0682","","","","Як сміє цей...!","","",""
"Integrated","HadesField_","0683","HadesField_0683","","","","Нргх, як ти набрид!","","",""
"Integrated","HadesField_","0684","HadesField_0684","","","","Плач скільки влізе!","","",""
"Integrated","HadesField_","0685","HadesField_0685","","","","Бийся зі мною сам!","","",""
"Integrated","HadesField_","0686","HadesField_0686","","","","Не втягуй у це Олімп!","","",""
