"Hades","ID","ID","ID","","","","Line","","","Notes by DK"
"Integrated","Hades_","0002","Hades_0002","","","","Дурний хлопчисько. Я ж казав тобі, що ти повернешся. І як пройшли безглузді грабунки моїх володінь?","","",""
"Integrated","Hades_","0003","Hades_0003","","","","Терпіти таку зневагу, від власної дитини. Заледве можу зрозуміти як можна поводитися так по-дурному. Але ти, малий! Ти перетворив дурість у мистецтво.","","",""
"To Be Integrated","Hades_","0007","Hades_0007","","","","Вражаюче досягнення, малий, а тепер дай мені спокій. У Тартарі сьогодні десять тисяч душ. Бісова війна! І не дуже багато бісової допомоги.","","",""
"Unused","Hades_","0011","Hades_0011","","","","Так ніби моє царство було збудоване щоб втримати тебе тут. Тебе, і кожнісіньку душу яка коли-небудь жила. Але ти не соромся, продовжуй тікати від самого себе.","","",""
"Unused","Hades_","0028","Hades_0028","","","","Геть звідси.","","",""
"Unused","Hades_","0029","Hades_0029","","","","Облиш мене.","","",""
"Unused","Hades_","0030","Hades_0030","","","","Мені більше нічого тобі сказати.","","",""
"Unused","Hades_","0031","Hades_0031","","","","Геть з моїх очей.","","",""
"Unused","Hades_","0032","Hades_0032","","","","Не зацікавлений, малий.","","",""
"Unused","Hades_","0033","Hades_0033","","","","Нашу розмову можна вважати закінченою.","","",""
"Unused","Hades_","0034","Hades_0034","","","","Я казав тобі не говорити зі мною.","","",""
"Unused","Hades_","0035","Hades_0035","","","","Йди вже собі.","","",""
"Unused","Hades_","0036","Hades_0036","","","","Не зараз.","","",""
"Unused","Hades_","0037","Hades_0037","","","","Йди вже собі, я сказав.","","",""
"Unused","Hades_","0038","Hades_0038","","","","Я зайнятий, йди собі.","","",""
"Unused","Hades_","0039","Hades_0039","","","","Годі, на мене чекає робота.","","",""
"Integrated","Hades_","0040","Hades_0040","","","","Вхід туди заборонено, малий.","","",""
"Integrated","Hades_","0041","Hades_0041","","","","Навіть і не думай про це.","","",""
"Integrated","Hades_","0042","Hades_0042","","","","Розвернись назад.","","",""
"Integrated","Hades_","0043","Hades_0043","","","","Я так не думаю, малий.","","",""
"Integrated","Hades_","0044","Hades_0044","","","","Перестань все навколо рознюхувати.","","",""
"Integrated","Hades_","0045","Hades_0045","","","","Не лізь туди, я сказав.","","",""
"Integrated","Hades_","0046","Hades_0046","","","","Тримайся якомога далі звідти.","","",""
"Integrated","Hades_","0047","Hades_0047","","","","Годі там копатися.","","",""
"Integrated","Hades_","0048","Hades_0048","","","","Тримайся звідти якомога далі.","","",""
"Integrated","Hades_","0049","Hades_0049","","","","Відвали, малий.","","",""
"Integrated","Hades_","0050","Hades_0050","","","","Жалюгідно.","","",""
"Integrated","Hades_","0051","Hades_0051","","","","Непотріб.","","",""
"Integrated","Hades_","0052","Hades_0052","","","","Без шансів.","","",""
"Integrated","Hades_","0053","Hades_0053","","","","Мені майже лоскітно.","","",""
"Integrated","Hades_","0054","Hades_0054","","","","Це що, якийсь жарт?","","",""
"Integrated","Hades_","0055","Hades_0055","","","","Що це ти там намагаєшся зробити?","","",""
"Unused","Hades_","0056","Hades_0056","","","","Забирайся нарешті, малий.","","",""
"Integrated","Hades_","0057","Hades_0057","","","","Ти дійсно ідіот, чи не так.","","",""
"Integrated","Hades_","0058","Hades_0058","","","","Терпіти таке приниження, від власної дитини.","","",""
"Integrated","Hades_","0059","Hades_0059","","","","Жалюгідна спроба.","","",""
"Integrated","Hades_","0060","Hades_0060","","","","Не сміши мене.","","",""
"Integrated","Hades_","0061","Hades_0061","","","","Смерть неминуча. Якщо ж ти вважаєш інакше... ну, тоді, не дозволяй мені зупиняти себе.","","",""
"Integrated","Hades_","0062","Hades_0062","","","","Родина? Смерть - це твоя єдина родина. Смерть, і я. Пора б тобі вже звикнути до нас обох.","","",""
"Integrated","Hades_","0063","Hades_0063","","","","Ніхто не покидає цього місця, малий, ані живі, ані мертві. Думаєш, що я жартую? Думаєш, я не намагався?!","","",""
"Integrated","Hades_","0064","Hades_0064","","","","Цей пес не твоя іграшка, малий! Цербер захищає наше царство, щоб ніхто не міг зайти живим, чи вийти в будь-якому вигляді.","","",""
"Integrated","Hades_","0065","Hades_0065","","","","Ти слабак, малий! Ганебно!! А тепер, вдар знову, і цього разу, доклади зусиль!","","",""
"Integrated","Hades_","0066","Hades_0066","","","","Дивись під ноги, ти йолопе! Мій Дім це не свинарник, по якому ти можеш розносити бруд!","","",""
"Integrated","Hades_","0067","Hades_0067","","","","Життя смертних коротке, і сповнене болю; це дійсно те, чого ти прагнеш, малий?","","",""
"Integrated","Hades_","0068","Hades_0068","","","","Чим я так провинився, що такий безмозкий, легковажний хлопчисько став моїм потомком?","","",""
"Integrated","Hades_","0069","Hades_0069","","","","Страх загибелі добре тримає смертних під контролем. Краще б й тобі чомусь навчитись, чуєш мене, малий?","","",""
"Integrated","Hades_","0070","Hades_0070","","","","Як ти смієш, малий! Навчися тримати свого дурного язика за зубами, або я сам тебе навчу!","","",""
"Greg","Hades_","0071","Hades_0071","","","","Дідько б тебе побрав, брате Зевс, і тебе також, Посейдоне, обох вас, ви жалюгідні невдячні нікчеми. Ви, і всі ваші свиноморді діти, і ваші наложниці, усі разом із вами, усі радісно святкуєте кожну вільну хвилину на своїй горі, поки я самотужки, один! продовжую працювати, тут, стежу за бісовими залишками усіх тих смертних котрих ви відправляєте до мене натовпами, СТАДАМИ, без задніх думок, навіть не намагаючись зі мною зв'язатися, хоча би час від часу, щоб перевірити як там ваш давно-забутий брат? З котрим ви зачинили тих бісових Титанів під цим царством, щоб ви могли паруватися без турботи, так як ви це робите зараз?! Що така доля, була сотворена для мене, тими трьома проклятими відьмами, чи може вами двома, я клянуся, я клянуся...! І навіть не змушуйте мене починати про цього бісового невдячного малого недомірка, що прагне звершити свої безнадійні починання за мій рахунок, нахабна мала сволота, ось хто він. Його мати би так пишалася, так пишалася, без сумнівів, якби побачила як він порушує правила моїх володінь, мого дому, мої правила! Цей малий, він навіть примудрився залізти у бісові голови пса зі своїми бісовими ідеями, безумовно, такий же хитрий як і матір, видно неозброєним оком. І ці дурні на Олімпі, все сприяють його безславним спробам відмовитися від усього що він має, відмовитися від усього що йому дав я!","","",""
"Integrated","Hades_","0072","Hades_0072","","","","<Регіт>","","",""
"Integrated","Hades_","0073","Hades_0073","","","","<Регіт>","","",""
"Integrated","Hades_","0074","Hades_0074","","","","<Регіт>","","",""
"Integrated","Hades_","0075","Hades_0075","","","","<Регіт>","","",""
"Integrated","Hades_","0076","Hades_0076","","","","<Регіт>","","",""
"Integrated","Hades_","0077","Hades_0077","","","","<Зітхає>","","",""
"Integrated","Hades_","0078","Hades_0078","","","","<Стогін>","","",""
"Integrated","Hades_","0079","Hades_0079","","","","<Насміхається>","","",""
"Integrated","Hades_","0080","Hades_0080","","","","Уннннгггхххх...","","",""
"Integrated","Hades_","0081","Hades_0081","","","","Урррннгггххх....","","",""
"Integrated","Hades_","0082","Hades_0082","","","","Знову повернувся, хм?","","",""
"Integrated","Hades_","0083","Hades_0083","","","","<Цк, цк, цк, цк> Як шкода, малий.","","",""
"Integrated","Hades_","0084","Hades_0084","","","","Хррнн?","","",""
"Integrated","Hades_","0085","Hades_0085","","","","Уфх...","","",""
"Unused","Hades_","0086","Hades_0086","","","","<Хропіння>","","",""
"Integrated","Hades_","0087","Hades_0087","","","","Вже повернувся?","","",""
"Integrated","Hades_","0096","Hades_0096","","","","Хто сміє?","","",""
"Integrated","Hades_","0097","Hades_0097","","","","Ти смієш?","","",""
"Integrated","Hades_","0098","Hades_0098","","","","Злодюга!","","",""
"Integrated","Hades_","0099","Hades_0099","","","","Чужинець!","","",""
"Integrated","Hades_","0100","Hades_0100","","","","Ти заплатиш за це!","","",""
"Integrated","Hades_","0101","Hades_0101","","","","Ти про це пошкодуєш.","","",""
"Integrated","Hades_","0102","Hades_0102","","","","Це приватна власність.","","",""
"Integrated","Hades_","0103","Hades_0103","","","","У нас порушник.","","",""
"Integrated","Hades_","0104","Hades_0104","","","","Порушник!","","",""
"Integrated","Hades_","0105","Hades_0105","","","","Правопорушення тут не терпітимуть.","","",""
"Integrated","Hades_","0106","Hades_0106","","","","Вважай це попередженням.","","",""
"Integrated","Hades_","0107","Hades_0107","","","","У нас тут проблема зі шкідниками.","","",""
"Integrated","Hades_","0108","Hades_0108","","","","Гм.","","",""
"Integrated","Hades_","0109","Hades_0109","","","","Гм?","","",""
"Integrated","Hades_","0110","Hades_0110","","","","Знову щось забув?","","",""
"Integrated","Hades_","0111","Hades_0111","","","","Як шкода.","","",""
"Integrated","Hades_","0112","Hades_0112","","","","Яка ганьба.","","",""
"Integrated","Hades_","0113","Hades_0113","","","","Ганебно.","","",""
"Integrated","Hades_","0114","Hades_0114","","","","Тобі вже достатньо?","","",""
"Integrated","Hades_","0115","Hades_0115","","","","Ах, не пощастило.","","",""
"Integrated","Hades_","0116","Hades_0116","","","","Не чув як ти увійшов.","","",""
"Integrated","Hades_","0117","Hades_0117","","","","Пш.","","",""
"Integrated","Hades_","0118","Hades_0118","","","","Ти.","","",""
"Integrated","Hades_","0119","Hades_0119","","","","Знову ти.","","",""
"Integrated","Hades_","0120","Hades_0120","","","","Пробачте що перериваємо, усі.","","",""
"Integrated","Hades_","0121","Hades_0121","","","","Ти ніколи не вчишся.","","",""
"Integrated","Hades_","0122","Hades_0122","","","","Дивіться, хто повернувся.","","",""
"Integrated","Hades_","0123","Hades_0123","","","","Ох, це всього лише ти.","","",""
"Integrated","Hades_","0144","Hades_0144","","","","Наступний.","","",""
"Integrated","Hades_","0145","Hades_0145","","","","Наступний...","","",""
"Integrated","Hades_","0146","Hades_0146","","","","Наступний!","","",""
"Integrated","Hades_","0147","Hades_0147","","","","Наступний...?","","",""
"Integrated","Hades_","0148","Hades_0148","","","","Наступний!","","",""
"Integrated","Hades_","0149","Hades_0149","","","","Хто наступний.","","",""
"Integrated","Hades_","0150","Hades_0150","","","","Хто наступний?","","",""
"Integrated","Hades_","0151","Hades_0151","","","","Не зупиняйтесь.","","",""
"Integrated","Hades_","0152","Hades_0152","","","","Підходьте.","","",""
"Integrated","Hades_","0153","Hades_0153","","","","Підходьте!","","",""
"Integrated","Hades_","0154","Hades_0154","","","","Назвіться.","","",""
"Integrated","Hades_","0155","Hades_0155","","","","Сформулюйте мету позову.","","",""
"Integrated","Hades_","0156","Hades_0156","","","","Сформулюйте суть своєї справа.","","",""
"Integrated","Hades_","0157","Hades_0157","","","","Підготуйте свій запит.","","",""
"Integrated","Hades_","0158","Hades_0158","","","","Я слухаю.","","",""
"Integrated","Hades_","0159","Hades_0159","","","","Не зволікай.","","",""
"Integrated","Hades_","0160","Hades_0160","","","","Що.","","",""
"Integrated","Hades_","0161","Hades_0161","","","","Ну?","","",""
"Integrated","Hades_","0162","Hades_0162","","","","Навіщо ти тут.","","",""
"Integrated","Hades_","0163","Hades_0163","","","","В тебе до мене справа?","","",""
"Integrated","Hades_","0164","Hades_0164","","","","Хмм.","","",""
"Integrated","Hades_","0165","Hades_0165","","","","У-гу.","","",""
"Integrated","Hades_","0166","Hades_0166","","","","Ммм.","","",""
"Integrated","Hades_","0167","Hades_0167","","","","Хмф.","","",""
"Integrated","Hades_","0168","Hades_0168","","","","Продовжуй.","","",""
"Integrated","Hades_","0169","Hades_0169","","","","Дійсно.","","",""
"Integrated","Hades_","0170","Hades_0170","","","","Дійсно?","","",""
"Integrated","Hades_","0171","Hades_0171","","","","Що ще.","","",""
"Integrated","Hades_","0172","Hades_0172","","","","Серйозно.","","",""
"Integrated","Hades_","0173","Hades_0173","","","","Розумію.","","",""
"Integrated","Hades_","0174","Hades_0174","","","","Прийнято.","","",""
"Integrated","Hades_","0175","Hades_0175","","","","Прийнято!","","",""
"Integrated","Hades_","0176","Hades_0176","","","","Прийнято...","","",""
"Integrated","Hades_","0177","Hades_0177","","","","Запит прийнято.","","",""
"Integrated","Hades_","0178","Hades_0178","","","","Ваш запит прийнято.","","",""
"Integrated","Hades_","0179","Hades_0179","","","","Справедливо. Прийнято.","","",""
"Integrated","Hades_","0180","Hades_0180","","","","Дуже добре. Запит прийнято.","","",""
"Integrated","Hades_","0181","Hades_0181","","","","Досить, прийнято.","","",""
"Integrated","Hades_","0182","Hades_0182","","","","Добре, прийнято.","","",""
"Integrated","Hades_","0183","Hades_0183","","","","Прийнято. На цей раз.","","",""
"Integrated","Hades_","0184","Hades_0184","","","","Відхилено.","","",""
"Integrated","Hades_","0185","Hades_0185","","","","Відхилено!","","",""
"Integrated","Hades_","0186","Hades_0186","","","","Відхилено...","","",""
"Integrated","Hades_","0187","Hades_0187","","","","Запит відхилено.","","",""
"Integrated","Hades_","0188","Hades_0188","","","","Ваш запит відхилено.","","",""
"Integrated","Hades_","0189","Hades_0189","","","","Без шансів. Відхилено.","","",""
"Integrated","Hades_","0190","Hades_0190","","","","Сміховинно. Відхилено.","","",""
"Integrated","Hades_","0191","Hades_0191","","","","Марна трата часу. Відхилено.","","",""
"Integrated","Hades_","0192","Hades_0192","","","","Звичайно, що ні. Відхилено.","","",""
"Integrated","Hades_","0193","Hades_0193","","","","Безумовно відхилено.","","",""
"Integrated","Hades_","0194","Hades_0194","","","","Абсурд. Відхилено.","","",""
"Integrated","Hades_","0195","Hades_0195","","","","Відхилено, а тепер геть звідси.","","",""
"Integrated","Hades_","0196","Hades_0196","","","","Ти маєш схильність задавати занадто багато питань, малий. Якби ж у тебе натомість була схильність мовчки роздумувати.","","",""
"Integrated","Hades_","0197","Hades_0197","","","","Тобі не дозволено говорити про цю прокляту Гору Олімп у цьому домі, ти мене чуєш? І ти не будеш закликати імена його мешканців.","","",""
"Integrated","Hades_","0198","Hades_0198","","","","Скажи це: Кров і темрява. Це прокляття, малий. Скажи разом зі мною. Кров. І. Темрява. Обидві доступні у великій кількості тут.","","",""
"Integrated","Hades_","0199","Hades_0199","","","","Пора б тобі дізнатися як себе ведуть боги, та самоствердитися. Для цього я найняв найвеличнішого з Греків, чи скоріше те що від нього залишилось.","","",""
"Integrated","Hades_","0200","Hades_0200","","","","Де ти по твоєму знаходишся? З ким ти по твоєму розмовляєш? Ніхто не покидає мої володіння, живим чи мертвим.","","",""
"Integrated","Hades_","0201","Hades_0201","","","","Одного дня ти хотів би зустрітися зі своїм дядьком Зевсом? Уяви собі мене, з розкішною білою гривою, без крихти самоконтролю. Таким є твій Зевс.","","",""
"Integrated","Hades_","0202","Hades_0202","","","","У моєму царстві, ти або знаходиш собі місце, або тобі на нього вказують. Тут роботи вистачає, ти вже повір мені.","","",""
"Integrated","Hades_","0203","Hades_0203","","","","Тут твоє місце. Відчуваєш себе не на своєму місці? Та куди ж ти підеш, що накажеш мені робити? Твоє місце тут.","","",""
"Integrated","Hades_","0204","Hades_0204","","","","Одна з речей в яких смертні нас перевершили, це те, що вони швидко стають чоловіками. Ця Фурія, Мегера. Вона прискорить цей процес для тебе.","","",""
"Integrated","Hades_","0205","Hades_0205","","","","Смертних судять і відправляють в Асфодель, у Елісій чи в Тартар. Ми підтримуємо процес акуратним та упорядкованим. Усі заходять, ніхто не покидає цього місця.","","",""
"Integrated","Hades_","0206","Hades_0206","","","","Твоя матір сама Ніч; твої брати, Смерть та Сон. Цікаво, ким це робить тебе. Я ще не чув про бога огризання.","","",""
"Integrated","Hades_","0216","Hades_0216","","","","Мої вітання...!","","",""
"Integrated","Hades_","0217","Hades_0217","","","","Мої вітання, малий.","","",""
"Integrated","Hades_","0218","Hades_0218","","","","Нарешті він повернувся.","","",""
"Integrated","Hades_","0219","Hades_0219","","","","Вітаємо вдома, малий!","","",""
"Integrated","Hades_","0226","Hades_0226","","","","Смерть неминуча.","","",""
"Integrated","Hades_","0227","Hades_0227","","","","Тобі не втекти.","","",""
"Integrated","Hades_","0228","Hades_0228","","","","Ні кроку далі.","","",""
"Integrated","Hades_","0229","Hades_0229","","","","Злидні Підземного Царства, ось ваш шанс.","","",""
"Integrated","Hades_","0230","Hades_0230","","","","Виходьте, злидні, і зупиніть цього зловмисника.","","",""
"Integrated","Hades_","0231","Hades_0231","","","","Не думай що можеш залишитися поза моєю увагою, малий.","","",""
"Integrated","Hades_","0232","Hades_0232","","","","Ти дійсно думаєш, що можеш звідси вибратися?","","",""
"Integrated","Hades_","0233","Hades_0233","","","","Подивімося чи переживеш ти це.","","",""
"Integrated","Hades_","0234","Hades_0234","","","","Ніхто не покидає цього місця, живий чи мертвий.","","",""
"Integrated","Hades_","0235","Hades_0235","","","","Твоя комендантська година вже давно настала, малий.","","",""
"Integrated","Hades_","0236","Hades_0236","","","","Я достатньо довго терпів твоє нахабство.","","",""
"Integrated","Hades_","0237","Hades_0237","","","","Я тебе бачу.","","",""
"Integrated","Hades_","0238","Hades_0238","","","","Ти думаєш що можеш так просто піти звідси?","","",""
"Integrated","Hades_","0239","Hades_0239","","","","Можна забрати хвилину твого часу...","","",""
"Integrated","Hades_","0240","Hades_0240","","","","Подивимось як твої родичі на Олімпі витягнуть тебе з цього.","","",""
"Integrated","Hades_","0241","Hades_0241","","","","Дозволь мені представити тобі своїх вірних підданих, малий.","","",""
"Integrated","Hades_","0242","Hades_0242","","","","Ти нікуди не підеш.","","",""
"Integrated","Hades_","0243","Hades_0243","","","","Годі!","","",""
"Integrated","Hades_","0244","Hades_0244","","","","Нікчемні злидні.","","",""
"Integrated","Hades_","0245","Hades_0245","","","","Паа, непотріб.","","",""
"Integrated","Hades_","0246","Hades_0246","","","","Кров і темрява.","","",""
"Integrated","Hades_","0247","Hades_0247","","","","Вони мали свій шанс.","","",""
"Integrated","Hades_","0248","Hades_0248","","","","Ну тоді, я розберуся з тобою пізніше.","","",""
"Integrated","Hades_","0249","Hades_0249","","","","Ти все це пережив?","","",""
"Integrated","Hades_","0250","Hades_0250","","","","А хто це все прибиратиме?","","",""
"Integrated","Hades_","0251","Hades_0251","","","","Ідіоти!","","",""
"Integrated","Hades_","0252","Hades_0252","","","","Нікчеми!","","",""
"Integrated","Hades_","0253","Hades_0253","","","","Непотріб!","","",""
"Integrated","Hades_","0254","Hades_0254","","","","Кляті дурні.","","",""
"Integrated","Hades_","0255","Hades_0255","","","","Виглядає так, що мені потрібно шукати кращих помічників.","","",""
"Integrated","Hades_","0256","Hades_0256","","","","Назад, у глибини безодні.","","",""
"Integrated","Hades_","0257","Hades_0257","","","","Годі, мені є чим зайнятися.","","",""
"Integrated","Hades_","0258","Hades_0258","","","","Кхх, ти марнуєш мій час.","","",""
"Integrated","Hades_","0259","Hades_0259","","","","Що я тобі казав?","","",""
"Integrated","Hades_","0260","Hades_0260","","","","Що я тобі казав.","","",""
"Integrated","Hades_","0261","Hades_0261","","","","Чого ти очікував?","","",""
"Integrated","Hades_","0262","Hades_0262","","","","Чого ти очікував.","","",""
"Integrated","Hades_","0263","Hades_0263","","","","Очевидно, що ти міг від цього ухилитись.","","",""
"Integrated","Hades_","0264","Hades_0264","","","","Це було неминуче.","","",""
"Integrated","Hades_","0265","Hades_0265","","","","Побачимося вдома.","","",""
"Integrated","Hades_","0266","Hades_0266","","","","Ти слабак, малий.","","",""
"Integrated","Hades_","0267","Hades_0267","","","","Це дійсно все на що ти здатен?","","",""
"Integrated","Hades_","0268","Hades_0268","","","","Помри, як простий смертний.","","",""
"Integrated","Hades_","0269","Hades_0269","","","","Ох, і це все?","","",""
"Integrated","Hades_","0270","Hades_0270","","","","<Регіт>","","",""
"Integrated","Hades_","0271","Hades_0271","","","","<Регіт>","","",""
"Integrated","Hades_","0272","Hades_0272","","","","<Регіт>","","",""
"Integrated","Hades_","0273","Hades_0273","","","","Ти не посмієш.","","",""
"Integrated","Hades_","0274","Hades_0274","","","","Як ти... гррр.","","",""
"Integrated","Hades_","0275","Hades_0275","","","","Ну давай, спробуй.","","",""
"Integrated","Hades_","0276","Hades_0276","","","","Це нікуди тебе не приведе, малий.","","",""
"Integrated","Hades_","0277","Hades_0277","","","","Від тебе взагалі нічого не залишиться.","","",""
"Integrated","Hades_","0278","Hades_0278","","","","Мегера знову не впоралася?","","",""
"Integrated","Hades_","0279","Hades_0279","","","","Тобі не дозволено покидати Тартар...!","","",""
"Integrated","Hades_","0280","Hades_0280","","","","Здається що Фурії не вдалося виконати свою роботу.","","",""
"Integrated","Hades_","0289","Hades_0289","","","","Подивімося, чи ти настільки ж майстерний як ти думаєш.","","",""
"Integrated","Hades_","0290","Hades_0290","","","","Злидні Підземного Царства, взяти його.","","",""
"Integrated","Hades_","0291","Hades_0291","","","","Побачимо наскільки ти майстерний насправді.","","",""
"Integrated","Hades_","0292","Hades_0292","","","","Як щодо невеличкого змагання, малий.","","",""
"Integrated","Hades_","0293","Hades_0293","","","","Мої злидні прийшли по тебе.","","",""
"Integrated","Hades_","0294","Hades_0294","","","","Подивімось, як ти ухилишся від цього.","","",""
"Integrated","Hades_","0295","Hades_0295","","","","Маю для тебе виклик, малий.","","",""
"Integrated","Hades_","0296","Hades_0296","","","","Зможеш ухилитися від моїх злиднів, малий?","","",""
"Integrated","Hades_","0297","Hades_0297","","","","Взяти його, злидні, зараз же!","","",""
"Integrated","Hades_","0298","Hades_0298","","","","Настав час платити по заслугах.","","",""
"Integrated","Hades_","0299","Hades_0299","","","","Хочу побачити як ти ухилишся від цього.","","",""
"Integrated","Hades_","0300","Hades_0300","","","","Не дай себе зачепити, бо буде боляче, малий!","","",""
"Integrated","Hades_","0301","Hades_0301","","","","<Сміх>","","",""
"Integrated","Hades_","0302","Hades_0302","","","","<Сміх>","","",""
"Integrated","Hades_","0303","Hades_0303","","","","<Сміх>","","",""
"Integrated","Hades_","0304","Hades_0304","","","","Як очікувалося.","","",""
"Integrated","Hades_","0305","Hades_0305","","","","Ще одна невдача.","","",""
"Integrated","Hades_","0306","Hades_0306","","","","Ох, як шкода.","","",""
"Integrated","Hades_","0307","Hades_0307","","","","Ти завжди був повільним, малий.","","",""
"Integrated","Hades_","0308","Hades_0308","","","","Ти не впорався.","","",""
"Integrated","Hades_","0309","Hades_0309","","","","Я знав що у тебе не вийде.","","",""
"Integrated","Hades_","0310","Hades_0310","","","","Передбачувано.","","",""
"Integrated","Hades_","0311","Hades_0311","","","","Сміховинно.","","",""
"Integrated","Hades_","0312","Hades_0312","","","","Оуу.","","",""
"Integrated","Hades_","0313","Hades_0313","","","","Дякуй Мойрам за це.","","",""
"Integrated","Hades_","0314","Hades_0314","","","","Купка бездарностей.","","",""
"Integrated","Hades_","0315","Hades_0315","","","","Жалюгідні дурні.","","",""
"Integrated","Hades_","0316","Hades_0316","","","","Це просто удача, та й усе.","","",""
"Integrated","Hades_","0317","Hades_0317","","","","Як тобі пощастило.","","",""
"Integrated","Hades_","0318","Hades_0318","","","","Годі цього.","","",""
"Integrated","Hades_","0319","Hades_0319","","","","Грр...","","",""
"Integrated","Hades_","0320","Hades_0320","","","","<Насмішка>","","",""
"Integrated","Hades_","0321","Hades_0321","","","","Дідько.","","",""
"Integrated","Hades_","0322","Hades_0322","","","","Зловтішайся скільки влізе.","","",""
"Integrated","Hades_","0323","Hades_0323","","","","Фех, ці мертві - непотріб.","","",""
"Integrated","Hades_","0324","Hades_0324","","","","Добре, залиш тоді собі цю дрібничку.","","",""
"Integrated","Hades_","0325","Hades_0325","","","","Здається у Мегери виникли труднощі.","","",""
"Integrated","Hades_","0326","Hades_0326","","","","Ну ж бо, перейди до Асфоделю, та вмри.","","",""
"Integrated","Hades_","0327","Hades_0327","","","","Насолоджуєшся своїм перебуванням у Тартарі?","","",""
"Integrated","Hades_","0328","Hades_0328","","","","Тартар ще раз довів, що не може тебе втримати.","","",""
"Integrated","Hades_","0329","Hades_0329","","","","Дуже трагічний кінець.","","",""
"Integrated","Hades_","0330","Hades_0330","","","","Твій час вийшов, малий.","","",""
"Integrated","Hades_","0331","Hades_0331","","","","Цю спробу можна вважати закінченою.","","",""
"Integrated","Hades_","0332","Hades_0332","","","","Що там сталося?","","",""
"Integrated","Hades_","0333","Hades_0333","","","","Тобі не вистачить сил. Нікому не вистачить.","","",""
"Integrated","Hades_","0334","Hades_0334","","","","Трагічний кінець, гідний пера поета.","","",""
"Integrated","Hades_","0335","Hades_0335","","","","Це вже котра смерть?","","",""
"Integrated","Hades_","0336","Hades_0336","","","","Ти ніколи не вчишся.","","",""
"Integrated","Hades_","0337","Hades_0337","","","","Що я тобі казав?","","",""
"Integrated","Hades_","0356","Hades_0356","","","","Гідра відростить собі голову, малий.","","",""
"Integrated","Hades_","0357","Hades_0357","","","","Він знову це зробив, Цербере!","","",""
"Integrated","Hades_","0358","Hades_0358","","","","Гей, всі, гляньте-но хто прийшов!","","",""
"Integrated","Hades_","0359","Hades_0359","","","","Він це зробив, Цербере!","","",""
"Integrated","Hades_","0360","Hades_0360","","","","Далі тобі не пройти, малий; принаймні поки що.","","",""
"Integrated","Hades_","0361","Hades_0361","","","","Алекто не впоралася...?!","","",""
"Integrated","Hades_","0362","Hades_0362","","","","Алекто не впоралася, так само як і її сестра.","","",""
"Integrated","Hades_","0363","Hades_0363","","","","Тісіфона мене підвела, чи не так.","","",""
"Integrated","Hades_","0364","Hades_0364","","","","Тісіфону, переможено...?!","","",""
"Integrated","Hades_","0365","Hades_0365","","","","Ось тобі й безстрашні Фурії.","","",""
"Integrated","Hades_","0366","Hades_0366","","","","Твоє місце тут, і тільки тут. Так само як і моє. Крім того, немає нічого вартого уваги за межами цього царства.","","",""
"Integrated","Hades_","0367","Hades_0367","","","","Посейдон неймовірний дурень якого мені соромно називати своїм братом. Він може біснуватися скільки завгодно; йому тут не раді.","","",""
"Integrated","Hades_","0368","Hades_0368","","","","Елісій? Він не для хороших; він для великих. Великих королів або вбивць. Часто це одне й те ж. Вони залишили свій слід у світі. А ти зможеш?","","",""
"Integrated","Hades_","0369","Hades_0369","","","","За помилки скоєні при житті, злидні Тартару пов'язані зі мною в смерті, як би ненависно їм би це не було. Вони відповідають переді мною; на відміну від тебе.","","",""
"Integrated","Hades_","0370","Hades_0370","","","","Скільки разів я мушу пояснювати, малий? Кожен Пакт Покарань повинен бути оперативно підписаний, запечатаний та поданий. Їх не можна просто скидати у купу!","","",""
"Integrated","Hades_","0371","Hades_0371","","","","Що саме, малий, змушує тебе почуватися в праві виказувати мені таку неповагу? Ти не наважуєшся говорити такі речі Нікс!","","",""
"Integrated","Hades_","0372","Hades_0372","","","","Асфодель знову затопило, лавою! Це не зовсім те загробне життя, котре було обіцяне мертвим що проживають там, чи не так, малий?","","",""
"Integrated","Hades_","0373","Hades_0373","","","","Клянусь своїм ім'ям, тобі бракує життєрадісності Гіпноса і компетентності Танатоса, але примхливості більше ніж у них обох разом взятих!","","",""
"Integrated","Hades_","0374","Hades_0374","","","","Інколи мені здається, що увесь той безлад яким ти називаєш свою кімнату, ти сотворив з величезною гордістю, це так?","","",""
"Integrated","Hades_","0375","Hades_0375","","","","Не заходь так глибоко у безодню Тартару знову, бо загубишся там, як і всі її мешканці. Задовільняйся можливістю дивитися на неї здалека.","","",""
"Integrated","Hades_","0376","Hades_0376","","","","Дуйся у своїх покоях скільки душі заманеться, бо мені байдуже! У мене є ціла вічність щоб завершити свою роботу, тому твоя допомога є цілком та повністю не потрібною.","","",""
"Integrated","Hades_","0377","Hades_0377","","","","Чому ти стікаєш кров'ю як смертні? Це просто відхилення, не більше! І цим немає чого пишатися. Рекомендую тримати це при собі.","","",""
"Integrated","Hades_","0378","Hades_0378","","","","Не смій на мене так дивитися, малий, своїми різнобарвними очима. Прибережи цей погляд для себе. У тебе ж є дзеркало у кімнаті, чи не так?","","",""
"Integrated","Hades_","0379","Hades_0379","","","","Яка очікувана бридкість. Кинеш у мене так свою кров ще раз, малий, і я вкину тебе у Стікс, де ти в ній потонеш.","","",""
"Integrated","Hades_","0380","Hades_0380","","","","Ти перевершив мою Гідру.","","",""
"Integrated","Hades_","0381","Hades_0381","","","","Гідра знову пала перед тобою, чи не так.","","",""
"Integrated","Hades_","0382","Hades_0382","","","","Куди це ти зібрався?","","",""
"Integrated","Hades_","0383","Hades_0383","","","","Ніякого раю для тебе, малий.","","",""
"Integrated","Hades_","0384","Hades_0384","","","","Ступай легко, малий.","","",""
"Integrated","Hades_","0385","Hades_0385","","","","Ти випробовуєш моє терпіння.","","",""
"Integrated","Hades_","0386","Hades_0386","","","","Все ще там, правда?","","",""
"Integrated","Hades_","0387","Hades_0387","","","","Скоро ти до нас повернешся, я так думаю.","","",""
"Integrated","Hades_","0388","Hades_0388","","","","Не раджу йти далі, малий. Моє тобі попередження.","","",""
"Integrated","Hades_","0389","Hades_0389","","","","Як ти міг, малий? У цієї Гідри була родина!","","",""
"Integrated","Hades_","0390","Hades_0390","","","","Ця твоя перемога буде недовговічною.","","",""
"Integrated","Hades_","0391","Hades_0391","","","","Ох, я не бачив як ти увійшов.","","",""
"Integrated","Hades_","0392","Hades_0392","","","","Сподіваюся перебування в Асфоделі було приємним?","","",""
"Integrated","Hades_","0393","Hades_0393","","","","Ти думаєш, що можеш просто так взяти та увійти до Елісію?","","",""
"Integrated","Hades_","0404","Hades_0404","","","","Чемпіон Елісія пав!","","",""
"Integrated","Hades_","0405","Hades_0405","","","","Ти прорубав собі шлях з Елісія, лише для того щоб опинитись тут.","","",""
"Integrated","Hades_","0406","Hades_0406","","","","Ти не бачиш, малий? Ти у пастці.","","",""
"Integrated","Hades_","0407","Hades_0407","","","","У Елісії всі вже взялися за зброю, через тебе.","","",""
"Integrated","Hades_","0408","Hades_0408","","","","Не думав що тобі вистачить сил, малий.","","",""
"Integrated","Hades_","0413","Hades_0413","","","","Я знаю де ти знаходишся.","","",""
"Integrated","Hades_","0414","Hades_0414","","","","Тобі не втекти.","","",""
"Integrated","Hades_","0415","Hades_0415","","","","Куди це ти зібрався?","","",""
"Integrated","Hades_","0416","Hades_0416","","","","Стій на місці.","","",""
"Integrated","Hades_","0417","Hades_0417","","","","Ти мав би знати коли варто відступити.","","",""
"Integrated","Hades_","0418","Hades_0418","","","","Ти у пастці, малий. Ти цього не розумієш?","","",""
"Integrated","Hades_","0419","Hades_0419","","","","Ну гаразд, припиніть це!","","",""
"Integrated","Hades_","0420","Hades_0420","","","","Це увесь час який ми маємо.","","",""
"Integrated","Hades_","0421","Hades_0421","","","","Баа, цього достатньо!","","",""
"Integrated","Hades_","0422","Hades_0422","","","","Безсумнівно, гірше очікуваного.","","",""
"Integrated","Hades_","0423","Hades_0423","","","","Наступного разу, працюй швидше!","","",""
"Integrated","Hades_","0424","Hades_0424","","","","Годі цього балагану!","","",""
"Integrated","Hades_","0431","Hades_0431","","","","Так-так-так.","","",""
"Integrated","Hades_","0432","Hades_0432","","","","Хмф! Я тебе всюди шукав.","","",""
"Integrated","Hades_","0433","Hades_0433","","","","Все так, як було завжди.","","",""
"Integrated","Hades_","0434","Hades_0434","","","","Набрався хоч трохи розуму?","","",""
"Integrated","Hades_","0435","Hades_0435","","","","На жаль, в Підземному Царстві йдуть ремонтні роботи.","","",""
"Integrated","Hades_","0436","Hades_0436","","","","Я щойно повернувся, незадовго до тебе!","","",""
"Integrated","Hades_","0437","Hades_0437","","","","Вже розв'язав проблему з Сатирами?","","",""
"Integrated","Hades_","0438","Hades_0438","","","","Ти прив'язаний до мого царства, малий.","","",""
"Integrated","Hades_","0439","Hades_0439","","","","Дуже втомився...","","",""
"Integrated","Hades_","0440","Hades_0440","","","","Ургх, як він... ти.","","",""
"Integrated","Hades_","0441","Hades_0441","","","","Отже, ти вистояв проти найкращих воїнів Елісія.","","",""
"Integrated","Hades_","0442","Hades_0442","","","","Король Тесей пав перед таким як ти?","","",""
"Integrated","Hades_","0443","Hades_0443","","","","Скоро, біль твоїх старань буде стерто.","","",""
"Integrated","Hades_","0444","Hades_0444","","","","Ти дійсно думаєш, що можеш звідси вибратися?","","",""
"Integrated","Hades_","0445","Hades_0445","","","","Отже, ти перетнувся з Чемпіонами Елісія.","","",""
"Integrated","Hades_","0446","Hades_0446","","","","Не змушуй мене підійматися до тебе, малий.","","",""
"Integrated","Hades_","0447","Hades_0447","","","","Нічого хорошого тебе не чекає поза моїм царством.","","",""
"Integrated","Hades_","0448","Hades_0448","","","","Найгірше ще попереду, малий.","","",""
"Integrated","Hades_","0449","Hades_0449","","","","Думаєш що так просто можеш піти від мене?","","",""
"Integrated","Hades_","0450","Hades_0450","","","","Невтішний виступ від Тесея.","","",""
"Integrated","Hades_","0451","Hades_0451","","","","Мені знову відправити Цербера щоб перекрити тобі шлях?","","",""
"Integrated","Hades_","0452","Hades_0452","","","","Треба буде мені переговорити з нашим Королем Тесеєм.","","",""
"Integrated","Hades_","0453","Hades_0453","","","","Твоя впертість принесе тобі лише біль.","","",""
"Integrated","Hades_","0454","Hades_0454","","","","Я власними руками тебе зупиню, якщо знадобиться.","","",""
"Integrated","Hades_","0463","Hades_0463","","","","Чемпіони Елісія, час проявити себе!","","",""
"Integrated","Hades_","0464","Hades_0464","","","","Підходьте, герої Елісія, і здолайте порушника!","","",""
"Integrated","Hades_","0465","Hades_0465","","","","Я чекав більшого від Піднесених.","","",""
"Integrated","Hades_","0466","Hades_0466","","","","Ці так звані Чемпіони, розчаровують.","","",""
"Integrated","Hades_","0467","Hades_0467","","","","На поверхню вхід заборонений. Щобільше, тобі заборонено наближатися до Храму Стіксу, допоки ти не будеш готовий виправити ситуація яка там склалася.","","",""
"Integrated","Hades_","0468","Hades_0468","","","","Ти хотів би відчути легкий вітерець на своїй шкірі? Можливо прохолоду морів? Ти будеш корчитися від таких відчуттів, я тебе запевняю.","","",""
"Integrated","Hades_","0469","Hades_0469","","","","Ти безсмертний, малий, але в якійсь мірі, ти можеш померти; як ти вже міг зрозуміти. Надзвичайно неприємне відчуття, чи не так?","","",""
"Integrated","Hades_","0470","Hades_0470","","","","Ріки котрі протікають моїм царством, розділяють його землі належним чином. І кожна тінь знає, що не варто намагатись їх переплисти!","","",""
"Integrated","Hades_","0471","Hades_0471","","","","Чому деякі з залів у моєму Домі зачинені для сторонніх? Той хто заслуговує на доступ не став би ставити цього питання. Ти не можеш вічно ходити куди тобі заманеться.","","",""
"Integrated","Hades_","0487","Hades_0487","","","","Відійди звідти.","","",""
"Integrated","Hades_","0488","Hades_0488","","","","Займайся своїми справами.","","",""
"Integrated","Hades_","0489","Hades_0489","","","","Ти мене дратуєш, малий.","","",""
"Integrated","Hades_","0490","Hades_0490","","","","Залишайся там, де я можу тебе бачити.","","",""
"Integrated","Hades_","0491","Hades_0491","","","","Геть звідти.","","",""
"Integrated","Hades_","0492","Hades_0492","","","","Перестань бути дурнем.","","",""
"Integrated","Hades_","0493","Hades_0493","","","","Хіба тобі немає більше чим зайнятися?","","",""
"Integrated","Hades_","0494","Hades_0494","","","","Згинь звідти.","","",""
"Integrated","Hades_","0495","Hades_0495","","","","Припини це, малий.","","",""
"Integrated","Hades_","0496","Hades_0496","","","","Невже немає кращого способу провести час?","","",""
"Integrated","Hades_","0497","Hades_0497","","","","Пробач що він тебе потурбував, Цербере.","","",""
"Integrated","Hades_","0498","Hades_0498","","","","Перестань діставати пса.","","",""
"Integrated","Hades_","0499","Hades_0499","","","","Дозволь собаці відпочити.","","",""
"Integrated","Hades_","0500","Hades_0500","","","","Цербер просто непокоїться про тебе.","","",""
"Integrated","Hades_","0501","Hades_0501","","","","Не дай йому маніпулювати собою, Цербере.","","",""
"Integrated","Hades_","0502","Hades_0502","","","","Шукай жалю деінде.","","",""
"Integrated","Hades_","0503","Hades_0503","","","","Навіть слухати це неможливо, нудить.","","",""
"Integrated","Hades_","0504","Hades_0504","","","","Ох, благаю.","","",""
"Integrated","Hades_","0505","Hades_0505","","","","Тобі пощастило, що Цербер бачить щось у тобі.","","",""
"Integrated","Hades_","0506","Hades_0506","","","","У собаки власних неприємностей вистачає.","","",""
"Integrated","Hades_","0507","Hades_0507","","","","<Насмішка>","","",""
"Integrated","Hades_","0508","Hades_0508","","","","Егххх....","","",""
"Integrated","Hades_","0509","Hades_0509","","","","Чому б тобі не прибрати свою кімнату, замість того щоб її прикрашати?","","",""
"Integrated","Hades_","0510","Hades_0510","","","","Який прісний відтінок.","","",""
"Integrated","Hades_","0511","Hades_0511","","","","Нерішучий, як завжди.","","",""
"Integrated","Hades_","0512","Hades_0512","","","","Прийми вже рішення врешті-решт.","","",""
"Integrated","Hades_","0513","Hades_0513","","","","Перестань міняти бісові фіранки.","","",""
"Integrated","Hades_","0514","Hades_0514","","","","Якби ж тебе хвилювало щось окрім фіранок.","","",""
"Integrated","Hades_","0515","Hades_0515","","","","Виглядало абсолютно прийнятно і до цього.","","",""
"Integrated","Hades_","0516","Hades_0516","","","","Розчаровуюче придбання.","","",""
"Integrated","Hades_","0517","Hades_0517","","","","Хто це замовив?","","",""
"Integrated","Hades_","0518","Hades_0518","","","","Я не дозволив такі витрати.","","",""
"Integrated","Hades_","0519","Hades_0519","","","","Це б не було наступним у моєму списку.","","",""
"Integrated","Hades_","0520","Hades_0520","","","","Якщо ти бажаєш витрачати свої багатства саме так.","","",""
"Integrated","Hades_","0521","Hades_0521","","","","Що ти робиш з цим будинком.","","",""
"Integrated","Hades_","0522","Hades_0522","","","","Зраджений, власним Підрядником...","","",""
"Integrated","Hades_","0523","Hades_0523","","","","А це тут що робить?","","",""
"Integrated","Hades_","0524","Hades_0524","","","","Я так підозрюю, що жодна з робіт не буде завершена тепер.","","",""
"Integrated","Hades_","0525","Hades_0525","","","","Нарешті, ти прибрав свій безлад.","","",""
"Integrated","Hades_","0526","Hades_0526","","","","Це була не твоя провина, Цербере.","","",""
"Integrated","Hades_","0527","Hades_0527","","","","Якщо ти бажаєш тепла, сходи відвідай Асфодель.","","",""
"Integrated","Hades_","0528","Hades_0528","","","","Думаєш, що зможеш уникати мене там, малий?","","",""
"Integrated","Hades_","0529","Hades_0529","","","","Попередньому відтінку нічого не бракувало.","","",""
"Integrated","Hades_","0530","Hades_0530","","","","Безглузда зміна.","","",""
"Integrated","Hades_","0531","Hades_0531","","","","Не треба так потурати нашому придворному музиканту.","","",""
"Integrated","Hades_","0532","Hades_0532","","","","Хмм, а цей не такий вже і поганий.","","",""
"Integrated","Hades_","0533","Hades_0533","","","","Що ти купив на цей раз.","","",""
"Integrated","Hades_","0534","Hades_0534","","","","І що нам з цим робити?","","",""
"Integrated","Hades_","0535","Hades_0535","","","","Що це взагалі повинно бути.","","",""
"Integrated","Hades_","0536","Hades_0536","","","","Я не пригадую, щоб схвалював ці витрати.","","",""
"Integrated","Hades_","0537","Hades_0537","","","","Я тут працювати намагаюся.","","",""
"Integrated","Hades_","0538","Hades_0538","","","","Припиніть цей шум, зараз же.","","",""
"Integrated","Hades_","0539","Hades_0539","","","","Година музики ще не настала!","","",""
"Integrated","Hades_","0540","Hades_0540","","","","Тихіше там.","","",""
"Integrated","Hades_","0541","Hades_0541","","","","Я сказав, тихіше.","","",""
"Integrated","Hades_","0542","Hades_0542","","","","... Непоганий вибір, хоча б раз.","","",""
"Integrated","Hades_","0543","Hades_0543","","","","Ти витримав об'єднану міць Фурій...","","",""
"Integrated","Hades_","0544","Hades_0544","","","","Принаймні у Сестер Фурій покращилися відносини.","","",""
"Integrated","Hades_","0550","Hades_0550","","","","Досить. Геть звідси.","","",""
"Integrated","Hades_","0551","Hades_0551","","","","Ах ти...","","",""
"Integrated","Hades_","0552","Hades_0552","","","","Це тобі не належить.","","",""
"Integrated","Hades_","0553","Hades_0553","","","","Знову ти зі своїми втручаннями?","","",""
"Integrated","Hades_","0554","Hades_0554","","","","Це було необдумано.","","",""
"Integrated","Hades_","0555","Hades_0555","","","","Що, знову?","","",""
"Integrated","Hades_","0556","Hades_0556","","","","Мої скрині тут не для того щоб ти їх грабував.","","",""
"Integrated","Hades_","0557","Hades_0557","","","","Ти злодюга.","","",""
"Integrated","Hades_","0558","Hades_0558","","","","Охороно!","","",""
"Integrated","Hades_","0559","Hades_0559","","","","Чому я взагалі плачу цим злидням.","","",""
"Integrated","Hades_","0560","Hades_0560","","","","Цього достатньо.","","",""
"Integrated","Hades_","0561","Hades_0561","","","","Добре, пригощайся.","","",""
"Integrated","Hades_","0562","Hades_0562","","","","Ти цього не заслужив, малий.","","",""
"Integrated","Hades_","0563","Hades_0563","","","","Нгрх, скільки ще разів...","","",""
"Integrated","Hades_","0564","Hades_0564","","","","Ось. Задоволений?","","",""
"Integrated","Hades_","0565","Hades_0565","","","","Ох, навіщо я взагалі цим переймаюся.","","",""
"Integrated","Hades_","0566","Hades_0566","","","","Я не повинен тут бути за наглядача.","","",""
"Integrated","Hades_","0567","Hades_0567","","","","Стояти.","","",""
"Integrated","Hades_","0568","Hades_0568","","","","Запечатайте кімнату.","","",""
"Integrated","Hades_","0569","Hades_0569","","","","Ось ти де.","","",""
"Integrated","Hades_","0570","Hades_0570","","","","Він тут. Хапайте його.","","",""
"Integrated","Hades_","0571","Hades_0571","","","","Куди ти так поспішаєш, малий?","","",""
"Integrated","Hades_","0572","Hades_0572","","","","Мої піддані хотіли б поспілкуватися з тобою.","","",""
"Integrated","Hades_","0573","Hades_0573","","","","Не потрібно так поспішати, малий.","","",""
"Integrated","Hades_","0574","Hades_0574","","","","Так і думав, що знайду тебе тут.","","",""
"Integrated","Hades_","0575","Hades_0575","","","","Добре, забирайся.","","",""
"Integrated","Hades_","0576","Hades_0576","","","","І знову ти знущаєшся наді мною.","","",""
"Integrated","Hades_","0577","Hades_0577","","","","Я більше не маю на це часу.","","",""
"Integrated","Hades_","0578","Hades_0578","","","","Геть, усі ви!","","",""
"Integrated","Hades_","0579","Hades_0579","","","","Абсолютно некомпетентні.","","",""
"Integrated","Hades_","0580","Hades_0580","","","","Я мав би залишити їх в Еребі.","","",""
"Integrated","Hades_","0581","Hades_0581","","","","Я сподіваюся, що вони хоча б змогли заподіяти тобі незручності.","","",""
"Integrated","Hades_","0582","Hades_0582","","","","Чому я взагалі турбуюсь.","","",""
"Integrated","Hades_","0583","Hades_0583","","","","Отже, ти повернувся.","","",""
"Integrated","Hades_","0584","Hades_0584","","","","Вітаю в Еребі.","","",""
"Integrated","Hades_","0585","Hades_0585","","","","Який дурень наважиться прибути в Ереб з власної волі?","","",""
"Integrated","Hades_","0586","Hades_0586","","","","Як я бачу, ти вже повернувся.","","",""
"Integrated","Hades_","0587","Hades_0587","","","","Одна подряпина, і усі твої зусилля будуть марними.","","",""
"Integrated","Hades_","0588","Hades_0588","","","","Пам'ятай не нервувати сильно, малий.","","",""
"Integrated","Hades_","0589","Hades_0589","","","","Ти, мабуть, під таким сильним тиском.","","",""
"Integrated","Hades_","0590","Hades_0590","","","","Слід би мені було зачинити тебе у Тартарі.","","",""
"Integrated","Hades_","0591","Hades_0591","","","","Скільки разів...","","",""
"Integrated","Hades_","0592","Hades_0592","","","","Насолоджуйся пекучою спекою Асфоделю.","","",""
"Integrated","Hades_","0593","Hades_0593","","","","Вип'ємо, за приємну подорож у Асфодель.","","",""
"Integrated","Hades_","0594","Hades_0594","","","","Не забудь викупатися у лаві, коли дійдеш до Асфоделю.","","",""
"Integrated","Hades_","0595","Hades_0595","","","","Знову бруднитимеш Елісій?","","",""
"Integrated","Hades_","0596","Hades_0596","","","","Король Тесей з нетерпінням чекає на вашу наступну зустріч.","","",""
"Integrated","Hades_","0597","Hades_0597","","","","Якраз коли ми завершували зачистку Елісія...","","",""
"Integrated","Hades_","0598","Hades_0598","","","","У Елісії тебе вже зачекалися.","","",""
"Integrated","Hades_","0599","Hades_0599","","","","Йди-но передай гризунам у Храмі мої вітання.","","",""
"Integrated","Hades_","0600","Hades_0600","","","","Останнім часом не дружився з Сатирами, малий?","","",""
"Integrated","Hades_","0601","Hades_0601","","","","Ти змушуєш мене відправити туди Цербера, знову.","","",""
"Integrated","Hades_","0602","Hades_0602","","","","Цербер терпляче працює, замість того щоб відпочивати тут.","","",""
"Integrated","Hades_","0603","Hades_0603","","","","Я так підозрюю, що дуже скоро ми з тобою зустрінемося.","","",""
"Integrated","Hades_","0604","Hades_0604","","","","Ну тоді поквапся, зустрінемося назовні.","","",""
"Integrated","Hades_","0605","Hades_0605","","","","Звинувачуй у цьому себе, не Цербера.","","",""
"Integrated","Hades_","0607","Hades_0607","","","","Йди-но займися справами деінде.","","",""
"Integrated","Hades_","0610","Hades_0610","","","","Ох, заспокойся.","","",""
"Integrated","Hades_","0611","Hades_0611","","","","У тебе немає повноважень у моєму царстві.","","",""
"Integrated","Hades_","0612","Hades_0612","","","","Не варто його слухати, Підряднику.","","",""
"Integrated","Hades_","0613","Hades_0613","","","","Ти мене відволікаєш!","","",""
"Integrated","Hades_","0614","Hades_0614","","","","Тихіше там!","","",""
"Integrated","Hades_","0615","Hades_0615","","","","Чим ти там займаєшся?","","",""
"Integrated","Hades_","0616","Hades_0616","","","","Я тут віддаю накази.","","",""
"Integrated","Hades_","0617","Hades_0617","","","","Ти думаєш, що Підрядник тобі допоможе?","","",""
"Integrated","Hades_","0618","Hades_0618","","","","Це тобі нічим не допоможе, я у цьому впевнений.","","",""
"Integrated","Hades_","0619","Hades_0619","","","","Йди попрактикуй ораторство деінде.","","",""
"Integrated","Hades_","0620","Hades_0620","","","","І до чого це, по твоєму, приведе?","","",""
"Integrated","Hades_","0621","Hades_0621","","","","Цьому царству знадобиться набагато більше обслуговування!","","",""
"Integrated","Hades_","0622","Hades_0622","","","","Я не можу зосередитися, поки ти там човгаєш!","","",""
"Integrated","Hades_","0623","Hades_0623","","","","Ти замовив цей непотрібний шматок пергаменту?","","",""
"Integrated","Hades_","0624","Hades_0624","","","","У будь-якому випадку цей контракт вже давно закінчився.","","",""
"Integrated","Hades_","0629","Hades_0629","","","","Нікс - це сама ніч; її близнюки, Сон та Смерть! Але, ти? Боюся, що мені нічого не спадає на думку! Можливо, бог огризання.","","",""
"Darren","Hades_","0637","Hades_0637","","","","Я щось не пригадую щоб бачив, ба більше дозволяв, ці неймовірно чудернацькі прикраси!","","",""
"Darren","Hades_","0638","Hades_0638","","","","Як непотрібна ручна робота цього дурня Посейдона пробралися аж сюди?","","",""
"Integrated","Hades_","0639","Hades_0639","","","","Я огляну цю роботу як тільки дозволить час!","","",""
"Integrated","Hades_","0640","Hades_0640","","","","Чим це ти там зайнятий?","","",""
"Integrated","Hades_","0641","Hades_0641","","","","Серед усіх речей, на твою думку саме ця є пріоритетною?","","",""
"Integrated","Hades_","0642","Hades_0642","","","","Якби ж твоє первородство дало тобі більше розуму.","","",""
"Integrated","Hades_","0643","Hades_0643","","","","Таке марнотратство ресурсів мого царства, малий.","","",""
"Integrated","Hades_","0644","Hades_0644","","","","Про що ти там балакаєш зараз?","","",""
"Integrated","Hades_","0645","Hades_0645","","","","Ти не підпалюватимеш цей Дім, чуєш мене, малий?","","",""
"Darren","Hades_","0646","Hades_0646","","","","Якщо твою кімнату поглине вогонь, не клич на допомогу.","","",""
"Integrated","Hades_","0647","Hades_0647","","","","Дешеве благословення від Посейдона на паличці, і не більше.","","",""
"Integrated","Hades_","0648","Hades_0648","","","","Ти міг би витрачати свій необмежений час з більшою користю.","","",""
"Integrated","Hades_","0649","Hades_0649","","","","Якби ж твоє почуття смаку поширювалося на щось окрім килимів.","","",""
"Integrated","Hades_","0650","Hades_0650","","","","Поети, безсумнівно, оспівуватимуть твої килими.","","",""
"Integrated","Hades_","0651","Hades_0651","","","","Що ти зробив з поверхнею моїх підлог?","","",""
"Integrated","Hades_","0652","Hades_0652","","","","Ти вже закінчив змінювати килими?","","",""
"Integrated","Hades_","0653","Hades_0653","","","","Знову бавишся з килимами?","","",""
"Integrated","Hades_","0654","Hades_0654","","","","Заради пекла, залиш хоч раз бісові килимки у спокої.","","",""
"Integrated","Hades_","0655","Hades_0655","","","","Подумай про свої численні провали заглядаючи у неї, малий.","","",""
"Integrated","Hades_","0656","Hades_0656","","","","Ніхто не сидітиме на них у моєму Домі!","","",""
"Integrated","Hades_","0657","Hades_0657","","","","Варто б мені було назвати тебе Нарцисом натомість.","","",""
"Integrated","Hades_","0658","Hades_0658","","","","Ти смієш насміхатися наді мною подібним чином, малий?","","",""
"Integrated","Hades_","0659","Hades_0659","","","","Чиє обличчя ти вліпив на стіну на цей раз?","","",""
"Integrated","Hades_","0660","Hades_0660","","","","Мені більше подобалося коли стіни були голі.","","",""
"Integrated","Hades_","0661","Hades_0661","","","","Тобі ніколи не зрівнятися з таким чемпіоном.","","",""
"Integrated","Hades_","0662","Hades_0662","","","","Що ти там робиш з моїм вестибюлем?","","",""
"Integrated","Hades_","0663","Hades_0663","","","","Чому б тобі не піти та не побачити Тартар на власні очі?","","",""
"Integrated","Hades_","0664","Hades_0664","","","","Який жахливий несмак.","","",""
"Integrated","Hades_","0665","Hades_0665","","","","Дедалу варто б було почати працювати виключно над залами.","","",""
"Darren","Hades_","0666","Hades_0666","","","","Для чого виставляти будівельні інструменти на показ?","","",""
"Darren","Hades_","0667","Hades_0667","","","","Не думаю, що розчув, що ти щойно сказав?","","",""
"Darren","Hades_","0668","Hades_0668","","","","Бачив би ти далі таких дрібничок, малий.","","",""
"Integrated","Hades_","0669","Hades_0669","","","","Нехай вселяє страх у цих нікчемних тіней.","","",""
"Integrated","Hades_","0670","Hades_0670","","","","Що це за абсолютно безглуздий дизайн?","","",""
"Integrated","Hades_","0671","Hades_0671","","","","Мій Дім асоціюється у тебе з квітами, малий?","","",""
"Integrated","Hades_","0672","Hades_0672","","","","Там не місце квітам, прибери це!","","",""
"Integrated","Hades_","0673","Hades_0673","","","","Собака цілком задоволений тим, що у нього вже є.","","",""
"Integrated","Hades_","0674","Hades_0674","","","","Не смій турбувати пса, чуєш мене, малий?","","",""
"Integrated","Hades_","0675","Hades_0675","","","","Чиє саме це небажане обличчя?","","",""
"Integrated","Hades_","0676","Hades_0676","","","","Цим колонам нічого не бракувало.","","",""
"Integrated","Hades_","0677","Hades_0677","","","","Ці колони мають своє призначення, вони тут не на показ стоять!","","",""
"Integrated","Hades_","0678","Hades_0678","","","","І що собака має з цим робити, як думаєш?","","",""
"Integrated","Hades_","0679","Hades_0679","","","","У Гіпноса є важлива робота!","","",""
"Integrated","Hades_","0680","Hades_0680","","","","Ти вважаєш, що у тебе є необхідна сила?","","",""
"Integrated","Hades_","0681","Hades_0681","","","","Досить непогана зміна, мушу сказати.","","",""
"Integrated","Hades_","0682","Hades_0682","","","","Світла Іксіону більш ніж достатньо.","","",""
"Integrated","Hades_","0683","Hades_0683","","","","Що ти робиш з моєю центральною залою?","","",""
"Integrated","Hades_","0684","Hades_0684","","","","Це нікому не знадобитися.","","",""
"Integrated","Hades_","0685","Hades_0685","","","","Не потрібно пестити мертвих такими речами.","","",""
"Darren","Hades_","0686","Hades_0686","","","","Іди прибери свою кімнату перш ніж захарастиш її.","","",""
"Integrated","Hades_","0687","Hades_0687","","","","Я бачу, що ти вирішив розвести небувалий безлад.","","",""
"Integrated","Hades_","0688","Hades_0688","","","","Продовжуй розважатися, малий.","","",""
"Integrated","Hades_","0689","Hades_0689","","","","Кров і темрява, що ти на цей раз зробив?","","",""
"Integrated","Hades_","0690","Hades_0690","","","","Торговцю і без цього було зручно!","","",""
"Integrated","Hades_","0691","Hades_0691","","","","Нічого подібного він не зв'язує.","","",""
"Integrated","Hades_","0693","Hades_0693","","","","Ну добре, на чому ми зупинилися?","","",""
"Integrated","Hades_","0694","Hades_0694","","","","Повернемося до справ?","","",""
"Integrated","Hades_","0695","Hades_0695","","","","Повернемося до роботи?","","",""
"Integrated","Hades_","0696","Hades_0696","","","","Суд знову на засіданні.","","",""
"Integrated","Hades_","0697","Hades_0697","","","","Суд знову на засіданні!","","",""
"Integrated","Hades_","0698","Hades_0698","","","","Дідько. Суд триває!","","",""
"Integrated","Hades_","0699","Hades_0699","","","","Судове засідання відкрите!","","",""
"Integrated","Hades_","0700","Hades_0700","","","","Судове засідання тепер відкрите!","","",""
"Integrated","Hades_","0701","Hades_0701","","","","Шикуйтеся, тіні!","","",""
"Integrated","Hades_","0702","Hades_0702","","","","Шикуйтеся!","","",""
"Integrated","Hades_","0703","Hades_0703","","","","Тіні, шикуйтеся!","","",""
"Integrated","Hades_","0704","Hades_0704","","","","Тіні! Підходьте.","","",""
"Integrated","Hades_","0705","Hades_0705","","","","Зараз я вислухаю ваші справи!","","",""
"Integrated","Hades_","0706","Hades_0706","","","","Несіть мені свої справи, тіні!","","",""
"Integrated","Hades_","0707","Hades_0707","","","","Зараз триває слухання!","","",""
"Integrated","Hades_","0708","Hades_0708","","","","Я маю повертатися до роботи.","","",""
"Integrated","Hades_","0709","Hades_0709","","","","Усі хто має запити, шикуйтеся!","","",""
"Integrated","Hades_","0710","Hades_0710","","","","Тіні, повернутися в чергу!","","",""
"Integrated","Hades_","0711","Hades_0711","","","","Тіні, рівняйтеся!","","",""
"Integrated","Hades_","0712","Hades_0712","","","","Тіні! Будь ласка, вишикуйтеся.","","",""
"Integrated","Hades_","0713","Hades_0713","","","","Розпочнімо судове засідання!","","",""
"Integrated","Hades_","0714","Hades_0714","","","","Ну тоді, розпочнімо судове засідання!","","",""
"Integrated","Hades_","0715","Hades_0715","","","","Продовжимо судове засідання!","","",""
"Integrated","Hades_","0716","Hades_0716","","","","Ми проводимо суд!","","",""
"Integrated","Hades_","0717","Hades_0717","","","","Тіні зали суду. Зараз я вислухаю ваші запити.","","",""
"Integrated","Hades_","0718","Hades_0718","","","","Тіні! Ми вже затримали вас достатньо довго.","","",""
"Integrated","Hades_","0719","Hades_0719","","","","Якщо на цьому все. Тіні?","","",""
"Integrated","Hades_","0720","Hades_0720","","","","Ну, тіні, чого ви чекаєте?!","","",""
"Integrated","Hades_","0721","Hades_0721","","","","Підходьте, тіні, у мене немає часу витрачати на це весь день!","","",""
"Integrated","Hades_","0722","Hades_0722","","","","Підходьте, тіні, у мене немає часу витрачати на це всю ніч!","","",""
"Integrated","Hades_","0723","Hades_0723","","","","Підходьте, тіні, у мене немає часу витрачати на це весь день! Чи ніч?","","",""
"Integrated","Hades_","0724","Hades_0724","","","","І, наступний.","","",""
"Integrated","Hades_","0725","Hades_0725","","","","І, наступний?","","",""
"Integrated","Hades_","0726","Hades_0726","","","","І, наступний!","","",""
"Integrated","Hades_","0727","Hades_0727","","","","І, наступний...","","",""
"Integrated","Hades_","0728","Hades_0728","","","","Наступний, швидше.","","",""
"Integrated","Hades_","0729","Hades_0729","","","","Наступний, ти.","","",""
"Integrated","Hades_","0730","Hades_0730","","","","Наступний. Ти.","","",""
"Integrated","Hades_","0731","Hades_0731","","","","Не зупиняйтеся, наступний.","","",""
"Integrated","Hades_","0732","Hades_0732","","","","Ну? Наступний?","","",""
"Integrated","Hades_","0733","Hades_0733","","","","Ваш запит?","","",""
"Integrated","Hades_","0734","Hades_0734","","","","Сформулюйте суть свого запиту.","","",""
"Integrated","Hades_","0735","Hades_0735","","","","Суть вашого запиту?","","",""
"Integrated","Hades_","0736","Hades_0736","","","","Хутчіше.","","",""
"Integrated","Hades_","0737","Hades_0737","","","","Хутчіше!","","",""
"Integrated","Hades_","0738","Hades_0738","","","","Говори.","","",""
"Integrated","Hades_","0739","Hades_0739","","","","Говори!","","",""
"Integrated","Hades_","0740","Hades_0740","","","","Я слухаю.","","",""
"Integrated","Hades_","0741","Hades_0741","","","","Наступна справа.","","",""
"Integrated","Hades_","0742","Hades_0742","","","","Наступний запит.","","",""
"Integrated","Hades_","0743","Hades_0743","","","","Я чекаю.","","",""
"Integrated","Hades_","0744","Hades_0744","","","","Що.","","",""
"Integrated","Hades_","0745","Hades_0745","","","","Що привело тебе сюди.","","",""
"Integrated","Hades_","0746","Hades_0746","","","","Поясни.","","",""
"Integrated","Hades_","0747","Hades_0747","","","","Говори.","","",""
"Integrated","Hades_","0748","Hades_0748","","","","Я чекаю...!","","",""
"Integrated","Hades_","0749","Hades_0749","","","","Продовжуй.","","",""
"Integrated","Hades_","0750","Hades_0750","","","","Викладай.","","",""
"Integrated","Hades_","0751","Hades_0751","","","","Хах.","","",""
"Integrated","Hades_","0752","Hades_0752","","","","Хрм.","","",""
"Integrated","Hades_","0753","Hades_0753","","","","Нгх.","","",""
"Integrated","Hades_","0754","Hades_0754","","","","І це все.","","",""
"Integrated","Hades_","0755","Hades_0755","","","","І це все?","","",""
"Integrated","Hades_","0756","Hades_0756","","","","Ближче до суті.","","",""
"Integrated","Hades_","0757","Hades_0757","","","","Ближче до суті!","","",""
"Integrated","Hades_","0758","Hades_0758","","","","І, отже...","","",""
"Integrated","Hades_","0759","Hades_0759","","","","Отже?","","",""
"Integrated","Hades_","0760","Hades_0760","","","","То й що.","","",""
"Integrated","Hades_","0761","Hades_0761","","","","І...?","","",""
"Integrated","Hades_","0762","Hades_0762","","","","Дійсно.","","",""
"Integrated","Hades_","0763","Hades_0763","","","","Дійсно?","","",""
"Integrated","Hades_","0764","Hades_0764","","","","Дійсно...!","","",""
"Integrated","Hades_","0765","Hades_0765","","","","Що ще.","","",""
"Integrated","Hades_","0766","Hades_0766","","","","Ти так гадаєш.","","",""
"Integrated","Hades_","0767","Hades_0767","","","","Ти так гадаєш...!","","",""
"Integrated","Hades_","0768","Hades_0768","","","","Щось ще?","","",""
"Integrated","Hades_","0769","Hades_0769","","","","Продовжуй.","","",""
"Integrated","Hades_","0770","Hades_0770","","","","Говори.","","",""
"Integrated","Hades_","0771","Hades_0771","","","","Детальніше.","","",""
"Integrated","Hades_","0772","Hades_0772","","","","Що сталося тоді.","","",""
"Integrated","Hades_","0773","Hades_0773","","","","Що сталося далі.","","",""
"Integrated","Hades_","0774","Hades_0774","","","","І що ти зробив.","","",""
"Integrated","Hades_","0775","Hades_0775","","","","Розумію. Прийнято.","","",""
"Integrated","Hades_","0776","Hades_0776","","","","Прийнято. Йди.","","",""
"Integrated","Hades_","0777","Hades_0777","","","","Прийнято. А тепер йди.","","",""
"Integrated","Hades_","0778","Hades_0778","","","","Тоді, прийнято.","","",""
"Integrated","Hades_","0779","Hades_0779","","","","Запит... прийнято.","","",""
"Integrated","Hades_","0780","Hades_0780","","","","Я почув достатньо, прийнято.","","",""
"Integrated","Hades_","0781","Hades_0781","","","","Легко. Прийнято.","","",""
"Integrated","Hades_","0782","Hades_0782","","","","<Зітхає> Прийнято...","","",""
"Integrated","Hades_","0783","Hades_0783","","","","Я так не думаю. Відхилено.","","",""
"Integrated","Hades_","0784","Hades_0784","","","","Відхилено, знову.","","",""
"Integrated","Hades_","0785","Hades_0785","","","","Категорично відхилено.","","",""
"Integrated","Hades_","0786","Hades_0786","","","","Ні. Відхилено.","","",""
"Integrated","Hades_","0787","Hades_0787","","","","Запит... відхилено.","","",""
"Integrated","Hades_","0788","Hades_0788","","","","Безумовно відхилено.","","",""
"Integrated","Hades_","0789","Hades_0789","","","","Відхилено. Геть.","","",""
"Integrated","Hades_","0790","Hades_0790","","","","Я почув достатньо. Відхилено.","","",""
"Integrated","Hades_","0791","Hades_0791","","","","<Зітхає> Відхилено...","","",""
"Integrated","Hades_","0792","Hades_0792","","","","Пфа. Відхилено.","","",""
"Integrated","Hades_","0793","Hades_0793","","","","Ми призупиняємо засідання.","","",""
"Integrated","Hades_","0794","Hades_0794","","","","Засідання відкладено.","","",""
"Integrated","Hades_","0795","Hades_0795","","","","Засідання відкладено!","","",""
"Integrated","Hades_","0796","Hades_0796","","","","Поки що, більше нікого вислуховувати я не буду.","","",""
"Integrated","Hades_","0797","Hades_0797","","","","Поки достатньо.","","",""
"Integrated","Hades_","0798","Hades_0798","","","","Цього досить.","","",""
"Integrated","Hades_","0799","Hades_0799","","","","Досить, розійтися.","","",""
"Integrated","Hades_","0800","Hades_0800","","","","На цей час цього досить.","","",""
"Integrated","Hades_","0801","Hades_0801","","","","Ми зробимо невелику перерву.","","",""
"Integrated","Hades_","0802","Hades_0802","","","","Зачекай.","","",""
"Integrated","Hades_","0803","Hades_0803","","","","Стій.","","",""
"Integrated","Hades_","0804","Hades_0804","","","","Вільно.","","",""
"Integrated","Hades_","0805","Hades_0805","","","","Хвилинку.","","",""
"Integrated","Hades_","0806","Hades_0806","","","","Ти спізнився, малий! Знову.","","",""
"Integrated","Hades_","0807","Hades_0807","","","","Приступай до своїх обов’язків.","","",""
"Integrated","Hades_","0808","Hades_0808","","","","Це не вірно.","","",""
"Integrated","Hades_","0809","Hades_0809","","","","Не вірно.","","",""
"Integrated","Hades_","0810","Hades_0810","","","","Це не вірно.","","",""
"Integrated","Hades_","0811","Hades_0811","","","","Знову не вірно.","","",""
"Integrated","Hades_","0812","Hades_0812","","","","Ти пам'ятаєш хоч щось чому я тебе навчав?","","",""
"Integrated","Hades_","0813","Hades_0813","","","","Ні, неправильно.","","",""
"Integrated","Hades_","0814","Hades_0814","","","","Абсолютно неправильно.","","",""
"Integrated","Hades_","0815","Hades_0815","","","","Я сподіваюся, що ти вчишся на всіх цих помилках?","","",""
"Integrated","Hades_","0816","Hades_0816","","","","Інший стіл.","","",""
"Integrated","Hades_","0817","Hades_0817","","","","Інший стіл!","","",""
"Integrated","Hades_","0818","Hades_0818","","","","Не той стіл!","","",""
"Integrated","Hades_","0819","Hades_0819","","","","Це йде у стіл сігма.","","",""
"Integrated","Hades_","0820","Hades_0820","","","","Тобі потрібен стіл епсилон.","","",""
"Integrated","Hades_","0821","Hades_0821","","","","Не туди, стіл альфа.","","",""
"Integrated","Hades_","0822","Hades_0822","","","","Ні, тут потібен стіл омега.","","",""
"Integrated","Hades_","0823","Hades_0823","","","","Я побачив достатньо.","","",""
"Integrated","Hades_","0824","Hades_0824","","","","Навіть більше помилок, ніж минулого разу, хм?","","",""
"Integrated","Hades_","0830","Hades_0830","","","","Ах, Орфею.","","",""
"Integrated","Hades_","0831","Hades_0831","","","","Більше нічого не торкайся в адміністративному крилі.","","",""
"Integrated","Hades_","0832","Hades_0832","","","","Пекельну зброю було запечатано не просто так, малий! Твоя цікавість переважає здоровий глузд, але прислухайся до моїх слів, тримайся якнайдалі від цих триклятих речей!","","",""
"Integrated","Hades_","0833","Hades_0833","","","","Герої? Лиш смертні, такі ж як і решта. Одного дня ти навідаєшся до Елісію і зустрінеш деяких з цих героїв, і дізнаєшся, що вони геть не схожі на своїх протеже оспіваних у піснях.","","",""
"Integrated","Hades_","0834","Hades_0834","","","","Як ти смієш натякати, що у Посейдона тут є хоча б незначна юрисдикція! Коли води з поверхні спускаються під землю, вони стають моїми. Кожна ріка, моя, не його!","","",""
"Integrated","Hades_","0835","Hades_0835","","","","Цікавіше буде поспілкуватися зі стінами, аніж з човнярем Хароном, малий. Не всі у Підземному Царстві схильні до безглуздого базікання як ти.","","",""
"Integrated","Hades_","0836","Hades_0836","","","","А тепер, я сказав, метни цю бісову штуку знову! І цього разу, вклади туди всю свою лють, так, як треба. А якщо ти ще недостатньо розізлився, то ми це змінимо, я тобі обіцяю.","","",""
"Integrated","Hades_","0837","Hades_0837","","","","Ніколи не торкайся Ґіґароса знову, малий. Сили заточеної у цьому списі, буде достатньо, щоб розірвати тебе на клапті, дрібніші за ті на які колись розірвали твоїх предків.","","",""
"Integrated","Hades_","0838","Hades_0838","","","","Все це царство породилося із темряви, малий. Вона є частиною всього, що ти коли-небудь бачиш. Смертні на поверхні, усі її бояться, настільки вони дурні. Не можуть навіть побачити її справжньої сили.","","",""
"Integrated","Hades_","0839","Hades_0839","","","","Це коштовне каміння яке ти висміюєш, малий, є символом сили цього царства. Для тебе камінці це лише дрібнички, але для смертних, коштовне каміння має цінність більшу за їх власні життя.","","",""
"Integrated","Hades_","0840","Hades_0840","","","","Ще одна навала паразитів біля поверхні. Якби ж у мене був хтось надійний хто міг би про це подбати. Звідки лізуть ці бісові сатири, і заради чого? Паскудні тварюки.","","",""
"Integrated","Hades_","0841","Hades_0841","","","","Ти шукаєш такої ж слави, як і твої родичі на вершині гори? Прагни бути цінним, а не відомим. Непомітність це не те, що робить тебе слабким. Поклоніння смертних це - неприємність, а не благо.","","",""
"Integrated","Hades_","0844","Hades_0844","","","","Достатньо, малий! Закінчуй з цим.","","",""
"Integrated","Hades_","0845","Hades_0845","","","","Ти що? Усе це, заради тієї жалюгідної тіні.","","",""
"Integrated","Hades_","0846","Hades_0846","","","","Що, де ти розкопав цей бісів контракт?","","",""
"To Be Integrated","Hades_","0851","Hades_0851","","","","Хах, уже?","","",""
"To Be Integrated","Hades_","0852","Hades_0852","","","","Паа, хаха.","","",""
"To Be Integrated","Hades_","0853","Hades_0853","","","","Ах, шкода.","","",""
"To Be Integrated","Hades_","0854","Hades_0854","","","","Ти зазнав невдачі, так швидко?","","",""
"To Be Integrated","Hades_","0855","Hades_0855","","","","Ну, це було швидко.","","",""
"To Be Integrated","Hades_","0856","Hades_0856","","","","Так скоро?","","",""
"To Be Integrated","Hades_","0857","Hades_0857","","","","Хах, хаха.","","",""
"To Be Integrated","Hades_","0858","Hades_0858","","","","Жалюгідний провал.","","",""
"Integrated","Hades_","0859","Hades_0859","","","","Ти марнуєш свій час; Печатка ніколи не працюватиме для тебе.","","",""
"Integrated","Hades_","0862","Hades_0862","","","","Подібна поблажливість до зв'язуючих пактів заплямує нашу добру репутацію.","","",""
"Integrated","Hades_","0873","Hades_0873","","","","Ці кажани потрібні для розвідки, а не для твого настрою!","","",""
"Integrated","Hades_","0874","Hades_0874","","","","Нарешті сонячний годинник? Дійсно?","","",""
"Integrated","Hades_","0875","Hades_0875","","","","Якби ж і ти був намальованим скелетом.","","",""
"Integrated","Hades_","0876","Hades_0876","","","","Чом би тобі не піти, і не кинутися туди самому, малий.","","",""
"Integrated","Hades_","0877","Hades_0877","","","","Жодна мозаїка не змиє твого сорому, малий!","","",""
"Integrated","Hades_","0878","Hades_0878","","","","Ти розтринькуєш свої прибутки на це?","","",""
"Integrated","Hades_","0879","Hades_0879","","","","Лише ті, хто має щиру зневагу до чесної перемоги.","","",""
"Integrated","Hades_","0881","Hades_0881","","","","Нргх...","","",""
"Integrated","Hades_","0886","Hades_0886","","","","Знову переоформлюєш інтер'єр, як я бачу?","","",""
"Integrated","Hades_","0887","Hades_0887","","","","Нерішучий, як завжди.","","",""
"Integrated","Hades_","0888","Hades_0888","","","","Абсолютно непотрібні зміни.","","",""
"Integrated","Hades_","0889","Hades_0889","","","","Що ти зробив на цей раз...","","",""
"Integrated","Hades_","0890","Hades_0890","","","","Чим ти займаєшся зараз?","","",""
"Integrated","Hades_","0891","Hades_0891","","","","Що ти зробив на цей раз...","","",""
"Integrated","Hades_","0892","Hades_0892","","","","Ти використовуєш свої обмеженні повноваження на це?","","",""
"Integrated","Hades_","0893","Hades_0893","","","","Зміни лише заради змін.","","",""
"Integrated","Hades_","0894","Hades_0894","","","","Дідько, просто дай цьому спокій!","","",""
"Integrated","Hades_","0895","Hades_0895","","","","Чим ти там взагалі зайнятий?","","",""
"Integrated","Hades_","0896","Hades_0896","","","","Як ти думаєш, чий це Дім?","","",""
"Integrated","Hades_","0897","Hades_0897","","","","Ах, що ти зробив на цей раз.","","",""
"Integrated","Hades_","0898","Hades_0898","","","","Не варто його слухати, Підряднику!","","",""
"Integrated","Hades_","0899","Hades_0899","","","","Це було справді необхідно, малий?","","",""
"Integrated","Hades_","0900","Hades_0900","","","","Навіщо турбуватися через таку дрібницю?","","",""
"Integrated","Hades_","0901","Hades_0901","","","","Абсолютно безглуздо.","","",""
"Integrated","Hades_","0902","Hades_0902","","","","Все було добре!","","",""
"Integrated","Hades_","0903","Hades_0903","","","","Залиш нашого бідного Підрядника у спокої.","","",""
"Integrated","Hades_","0904","Hades_0904","","","","Ти можеш в це повірити, Цербере?","","",""
"Integrated","Hades_","0905","Hades_0905","","","","Ти марнуєш час усіх навколо.","","",""
"Integrated","Hades_","0906","Hades_0906","","","","Тому хто там сидітиме, краще не попадатись мені на очі.","","",""
"Integrated","Hades_","0907","Hades_0907","","","","Яка користь з цієї речі тут внизу?","","",""
"Integrated","Hades_","0908","Hades_0908","","","","Танатосу не потрібна така прикраса!","","",""
"Integrated","Hades_","0909","Hades_0909","","","","В цьому залі вже й так достатньо тепло.","","",""
"Integrated","Hades_","0910","Hades_0910","","","","Ніхто не сидітиме окрім мене та Цербера!","","",""
"Integrated","Hades_","0911","Hades_0911","","","","Якщо ти хочеш побачити Сестер Фурій, тоді йди у Тартар.","","",""
"Integrated","Hades_","0912","Hades_0912","","","","Нікс безумовно не хоче такої уваги.","","",""
"Integrated","Hades_","0926","Hades_0926","","","","Ну, Молодший Брате. Королева та я, зі свого боку, вдячні вам усім за те, що ви знайшли час у своєму, безсумнівно, зайнятому житті, щоб прийти так далеко до мого дому.","","",""
"Integrated","Hades_","0940","Hades_0940","","","","Грм. Тоді, прощавай, Лорде Зевс.","","",""
"Integrated","Hades_","0933","Hades_0933","","","","...це так.","","",""
"Integrated","Hades_","0937","Hades_0937","","","","Щосили... це я тобі можу пообіцяти.","","",""
"Integrated","Hades_","0940","Hades_0940","","","","Грм. Тоді, прощавай, Лорде Зевс.","","",""
"Integrated","Hades_","0942","Hades_0942","","","","Так. Твоя мати, Королева, працює над цим.","","",""
"Integrated","Hades_","0948","Hades_0948","","","","Ні! Я не вислуховуватиму від тебе жодних вимог.","","",""
"Integrated","Hades_","0950","Hades_0950","","","","Тобі потрібно навчитися тримати спис, спостерігай! Тут і тут необхідна міцна хватка. Проте, нам варто б знайти для тебе учителя, того у кого буде більше вільного часу.","","",""
"Integrated","Hades_","0951","Hades_0951","","","","Ти мусиш прийняти той факт, що ти не такий як усі інші тут. Твої відмінності не роблять тебе недосконалим. Вони можуть зробити тебе сильним. Вибір за тобою.","","",""
"Integrated","Hades_","0952","Hades_0952","","","","У мене немає вільного часу для тебе, малий! Ти бачив увесь цей пергамент на моєму столі? Йди пограйся з Танатосом, чи Гіпносом, чи псом. Мені потрібно це закінчити!","","",""
"Integrated","Hades_","0953","Hades_0953","","","","Твої прабатьки? Їх називали Титанами. Їх вже давно немає на цьому світі, малий. Хоча, я тебе запевняю, ти не багато упустив ніколи не зустрівши їх.","","",""
"Integrated","Hades_","0954","Hades_0954","","","","Тоді тримай своє при собі! Наш Дім не дуже великий за розміром, тому певні межі мають бути визначені. Я утримаюся від того, щоб заходити у твої покої, а ти ніколи знову не спробуєш зайти у мої.","","",""
"Integrated","Hades_","0955","Hades_0955","","","","Не марнуй свій час, хоч він і необмежений. Займися чимось корисним. Вчися. Навчися як вчитись. Я не можу сам тебе всього навчити.","","",""
"Integrated","Hades_","0956","Hades_0956","","","","Старовинна Печатка ніколи не запрацює для тебе, малий. Тільки деякі привілейовані особи мають необмежену владу подорожувати цим царством, і я боюся, що ти не серед них.","","",""
"Integrated","Hades_","0957","Hades_0957","","","","Ти називаєш це криком?! Ось це крик, малий. У мене були певні, хоч і несерйозні, очікування яких ти не виправдав. А тепер, спробуй знову.","","",""
"Integrated","Hades_","0958","Hades_0958","","","","Дивись на мене як на того, хто може дати тобі чіткі інструкції, малий! Не як на втілення стандартів, яких ти мусиш притримуватися. Став собі вищу мету, аніж бути схожим на мене.","","",""
"Integrated","Hades_","0959","Hades_0959","","","","Забудь про поверхню, малий! Ти не багато втрачаєш. Тут у нас є тепло та багатство. Там? Нічого подібного.","","",""
"Integrated","Hades_","0960","Hades_0960","","","","Не говори мені про невдачі! Невдача - найкращий учитель зі всіх. Саме твоє існування є послідовністю помилок; намагайся не повторювати одну й ту саму двічі.","","",""
"Integrated","Hades_","0961","Hades_0961","","","","Про такі речі питай у Нікс, не у мене! Це вона народилася у цьому царстві. Я чужинець. Переїхав сюди, щоб взятися за цю роботу, ти можеш у це повірити, малий?","","",""
"Integrated","Hades_","0962","Hades_0962","","","","Смертні вірять, що з цього місця вороття немає. Вони праві! І усі ми повинні робити те, що в наших силах, щоб усе так і залишалося. Нам потрібно підтримувати свою репутацію.","","",""
"Integrated","Hades_","0963","Hades_0963","","","","Чому я ніколи тобою не пишаюся? Не сприймай це особисто, малий. Я ніколи нічим не пишаюся. Пиха, мабуть, найгірша риса нашої родини. Бачиш як багато смертних тут з нами через неї?","","",""
"Integrated","Hades_","0993","Hades_0993","","","","Точно.","","",""
"Darren","Hades_","0994","Hades_0994","","","","Належним чином досягнуто, цього разу.","","",""
"Darren","Hades_","0995","Hades_0995","","","","Здається Фурії не здатні тобі перешкодити.","","",""
"Darren","Hades_","0996","Hades_0996","","","","Твої успіхи занотовано належним чином, малий.","","",""
"Darren","Hades_","0997","Hades_0997","","","","Тартар це якийсь жарт для тебе?","","",""
"Darren","Hades_","0998","Hades_0998","","","","На цих злиднів Тартару не можна розраховувати.","","",""
"Darren","Hades_","0999","Hades_0999","","","","Ти постанеш перед більшими труднощами в Асфоделі.","","",""
"Darren","Hades_","1000","Hades_1000","","","","Ти достатньо розігрівся для Асфоделю?","","",""
"Darren","Hades_","1001","Hades_1001","","","","Подивимося чого ти вартий у теплішому оточенні.","","",""
"Darren","Hades_","1002","Hades_1002","","","","Останнім часом, продуктивність Алекто була жахливою.","","",""
"Darren","Hades_","1003","Hades_1003","","","","Ця Тісіфона, зустріла собі рівню в тобі.","","",""
"Darren","Hades_","1004","Hades_1004","","","","Краще б Мегері не піддаватися тобі.","","",""
"Darren","Hades_","1005","Hades_1005","","","","Грм, уже вийшов з Тартару...","","",""
"Darren","Hades_","1006","Hades_1006","","","","А ти швидко розібрався з Гідрою, як я розумію.","","",""
"Darren","Hades_","1007","Hades_1007","","","","Я припускаю, що тобі вже достатньо тепла наразі?","","",""
"Darren","Hades_","1008","Hades_1008","","","","Ця бісова Гідра ніколи до мене не дослухається...","","",""
"Darren","Hades_","1009","Hades_1009","","","","Ну тоді, здається що ти вирушаєш у прохолодніші місця.","","",""
"Darren","Hades_","1010","Hades_1010","","","","І знову безкровні не змогли тебе зупинити...","","",""
"Darren","Hades_","1011","Hades_1011","","","","Ти пройшов через усю оборону Асфоделю...","","",""
"Darren","Hades_","1012","Hades_1012","","","","Хрм, ти пройшов через Асфодель досить швидко...","","",""
"Darren","Hades_","1013","Hades_1013","","","","Пройшов через Асфодель неушкодженим, чи не так?","","",""
"Darren","Hades_","1014","Hades_1014","","","","Піди-но подбай про сатирів, для різноманіття.","","",""
"Darren","Hades_","1015","Hades_1015","","","","Ти швидко впорався з Тесеєм, як я розумію, малий?","","",""
"Darren","Hades_","1016","Hades_1016","","","","Найкращі воїни Елісія не змогли зірвати твою втечу, га?","","",""
"Darren","Hades_","1017","Hades_1017","","","","При таких темпах, здається, добре б мені було приготуватися до зустрічі.","","",""
"Darren","Hades_","1018","Hades_1018","","","","Мене ти так просто не здолаєш.","","",""
"Darren","Hades_","1019","Hades_1019","","","","Ти вже так близько до поверхні...","","",""
"Darren","Hades_","1020","Hades_1020","","","","Втекти з Елісія має бути тяжче.","","",""
"Darren","Hades_","1021","Hades_1021","","","","Вже дійшов так далеко, малий?","","",""
"Integrated","Hades_","1022","Hades_1022","","","","Церберу є чим зайнятися, окрім як гратися іграшками!","","",""
"Integrated","Hades_","1023","Hades_1023","","","","Дружньо рекомендую тобі зайнятися своїми справами, малий!","","",""
"Integrated","Hades_","1024","Hades_1024","","","","Те, що ти будеш робити зі своєю нещасною спальнею, твоя і тільки твоя проблема.","","",""
"Integrated","Hades_","1025","Hades_1025","","","","Якщо цей жахливий стіл підвищуватиме продуктивність Підрядника, най так буде.","","",""
"Integrated","Hades_","1026","Hades_1026","","","","Ці клинки ні на що не здатні. Не дивно, що вони тобі сподобалися.","","",""
"Integrated","Hades_","1027","Hades_1027","","","","Мені завжди подобалася тиша тут!","","",""
"Integrated","Hades_","1028","Hades_1028","","","","Наступного разу, коли тебе вб'є чемпіон Елісія, передавай йому мої щирі вітання.","","",""
"Integrated","Hades_","1029","Hades_1029","","","","Клімат у цьому будинку вже був ідеально налаштований!","","",""
"Integrated","Hades_","1030","Hades_1030","","","","Що, що сталося з моїм... нргх, ще одна твоя дурна витівка.","","",""
"Integrated","Hades_","1031","Hades_1031","","","","Він тінь, малий! Яка йому користь з еластичного килимового покриття?","","",""
"Integrated","Hades_","1032","Hades_1032","","","","Хрм, я вважаю, що золото їм цілком підходить...","","",""
"Integrated","Hades_","1033","Hades_1033","","","","Танатос ніколи не сидітиме на роботі!","","",""
"Integrated","Hades_","1034","Hades_1034","","","","Танатос занадто працьовитий, щоб потребувати такі речі!","","",""
"Integrated","Hades_","1035","Hades_1035","","","","Яка користь Втіленню Смерті від цього?","","",""
"Integrated","Hades_","1036","Hades_1036","","","","Попередня тьмяність освітлення цієї зали була цілком навмисною!","","",""
"Integrated","Hades_","1037","Hades_1037","","","","Це мій бісів зал, а не твій!","","",""
"Integrated","Hades_","1038","Hades_1038","","","","Навіщо погоджуватися на картину, коли ти можеш просто піти та дати вбити себе там зараз?","","",""
"Integrated","Hades_","1039","Hades_1039","","","","Зелений, можливо, останній з переліку кольорів, який я б вибрав!","","",""
"To Be Integrated","Hades_","1040","Hades_1040","","","","Ти завжди залежатимеш від їх милосердя, малий. Запам'ятай це.","","",""
"Integrated","Hades_","1041","Hades_1041","","","","Я не чув скарг щодо попередніх столів!","","",""
"Integrated","Hades_","1042","Hades_1042","","","","Останнього разу коли я перевіряв, це царство не належало Посейдону!","","",""
"Integrated","Hades_","1043","Hades_1043","","","","Тобі варто б виставитися на показ разом із рештою.","","",""
"Integrated","Hades_","1044","Hades_1044","","","","Мені шкода тих, кому припала до душі наша вітальня за її офіційну, стриману атмосферу.","","",""
"Integrated","Hades_","1045","Hades_1045","","","","Хахаха, здорове ставлення? Від нього?","","",""
"Integrated","Hades_","1046","Hades_1046","","","","Тобі не потрібне ще одне бісове ліжко!","","",""
"Integrated","Hades_","1047","Hades_1047","","","","Такий ганебний спосіб увійти у цей Дім не потребує прикрашання!","","",""
"Integrated","Hades_","1049","Hades_1049","","","","О, я певен, що придумаю щось.","","",""
"Integrated","Hades_","1058","Hades_1058","","","","Їх дуже легко утримувати!","","",""
"Integrated","Hades_","1065","Hades_1065","","","","Якщо бажаєш добувати коштовності у моєму царстві, тоді, будь ласка.","","",""
"Integrated","Hades_","1071","Hades_1071","","","","Паа.","","",""
"Integrated","Hades_","1073","Hades_1073","","","","...Загрею.","","",""
"Integrated","Hades_","1083","Hades_1083","","","","Нікс! Гаа.","","",""
"Integrated","Hades_","1093","Hades_1093","","","","Так буде краще.","","",""
"Integrated","Hades_","1101","Hades_1101","","","","Хрм.","","",""
"Integrated","Hades_","1102","Hades_1102","","","","Загрею.","","",""
"Integrated","Hades_","1103","Hades_1103","","","","Наша робота не закінчиться ніколи...","","",""
"Integrated","Hades_","1104","Hades_1104","","","","Попереду багато роботи.","","",""
"Integrated","Hades_","1105","Hades_1105","","","","Думав, що дістану тебе.","","",""
"Integrated","Hades_","1106","Hades_1106","","","","Малий.","","",""
"Integrated","Hades_","1107","Hades_1107","","","","Малий, емм. Загрею.","","",""
"Integrated","Hades_","1108","Hades_1108","","","","Ось ти де.","","",""
"Integrated","Hades_","1109","Hades_1109","","","","Повернуся, чи не так?","","",""
"Darren","Hades_","1110","Hades_1110","","","","Ну добре, злидні, до роботи!","","",""
"Darren","Hades_","1111","Hades_1111","","","","Зупиніть його, злидні!","","",""
"Darren","Hades_","1112","Hades_1112","","","","Зупиніть його, злидні, зараз же!","","",""
"Darren","Hades_","1113","Hades_1113","","","","Залиш мої скарбниці у спокої!","","",""
"Darren","Hades_","1114","Hades_1114","","","","Ці скарбниці не для тебе!","","",""
"Darren","Hades_","1115","Hades_1115","","","","Руки геть від моєї скарбниці!","","",""
"Darren","Hades_","1116","Hades_1116","","","","Злидні, узяти його, зараз же!","","",""
"Darren","Hades_","1117","Hades_1117","","","","Залишайся саме там, де ти є.","","",""
"Darren","Hades_","1118","Hades_1118","","","","Я дам цим злидням, ані хвилиною більше.","","",""
"Darren","Hades_","1119","Hades_1119","","","","Як нерозумно з твого боку.","","",""
"Darren","Hades_","1120","Hades_1120","","","","Кожного разу!","","",""
"Darren","Hades_","1121","Hades_1121","","","","Некомпетентні.","","",""
"Darren","Hades_","1122","Hades_1122","","","","Ба. Добре, йди!","","",""
"Darren","Hades_","1123","Hades_1123","","","","Добре, йди вже тоді!","","",""
"Darren","Hades_","1124","Hades_1124","","","","Час вийшов!","","",""
"Darren","Hades_","1125","Hades_1125","","","","Гаразд, гаразд!","","",""
"Integrated","Hades_","1127","Hades_1127","","","","Грр....","","",""
"Integrated","Hades_","1129","Hades_1129","","","","Це честь для мене.","","",""
"Integrated","Hades_","1131","Hades_1131","","","","Ні.","","",""
"Integrated","Hades_","1134","Hades_1134","","","","Ти повісив картину, де я просив?","","",""
"Darren","Hades_","1136","Hades_1136","","","","У мене тут смачна цибуля, яка чекає на зустріч з тобою, малий.","","",""
"Darren","Hades_","1137","Hades_1137","","","","Подивимося як ти змусиш працювати свої юнацькі рефлекси.","","",""
"Darren","Hades_","1138","Hades_1138","","","","Я сумніваюся, що ти зможеш їх всіх перехитрити.","","",""
"Darren","Hades_","1139","Hades_1139","","","","Жадаєш гіркої цибульки, малий?","","",""
"Darren","Hades_","1140","Hades_1140","","","","Один хибний крок і тобі кінець, малий.","","",""
"Darren","Hades_","1141","Hades_1141","","","","Недостатньо спритно.","","",""
"Darren","Hades_","1142","Hades_1142","","","","Я був жвавіший коли був молодий.","","",""
"Darren","Hades_","1143","Hades_1143","","","","Надто повільно!","","",""
"Darren","Hades_","1144","Hades_1144","","","","Отримуй цибулю!","","",""
"Darren","Hades_","1145","Hades_1145","","","","Не виправдав очікувань.","","",""
"Darren","Hades_","1146","Hades_1146","","","","Невдала спроба.","","",""
"Darren","Hades_","1147","Hades_1147","","","","Ти міг би впоратися краще.","","",""
"Darren","Hades_","1148","Hades_1148","","","","А ти швидкий, віддам тобі належне.","","",""
"Darren","Hades_","1149","Hades_1149","","","","Таку гарну цибулю змарновано!","","",""
"Darren","Hades_","1150","Hades_1150","","","","Нещасні злидні.","","",""
"Darren","Hades_","1151","Hades_1151","","","","Годі, я побачив достатньо.","","",""
"Darren","Hades_","1152","Hades_1152","","","","Твої ноги такі ж спритні як завжди.","","",""
"Darren","Hades_","1153","Hades_1153","","","","Уникнув їх всіх...","","",""
"Integrated","Hades_","1154","Hades_1154","","","","Стань незримим, як я!","","",""
"Integrated","Hades_","1155","Hades_1155","","","","Стань незримим, знову!","","",""
"Integrated","Hades_","1156","Hades_1156","","","","Ти станеш незримим!","","",""
"Integrated","Hades_","1157","Hades_1157","","","","Темрява тебе приховає.","","",""
"Integrated","Hades_","1158","Hades_1158","","","","Твоїм ворогам доведеться бути насторожі.","","",""
"Integrated","Hades_","1159","Hades_1159","","","","Стань одним цілим із темрявою.","","",""
"Integrated","Hades_","1160","Hades_1160","","","","Зникни, і нажахай своїх ворогів.","","",""
"Integrated","Hades_","1161","Hades_1161","","","","Добре, я тебе почув, малий!","","",""
"Integrated","Hades_","1162","Hades_1162","","","","Ох, ти сам на це напросився, малий...","","",""
"Integrated","Hades_","1163","Hades_1163","","","","Краще тобі не стане, повір вже мені.","","",""
"Integrated","Hades_","1164","Hades_1164","","","","Ти витратив непомірну кількість ресурсів на фестони?","","",""
"Integrated","Hades_","1165","Hades_1165","","","","Яка сила примусила тебе замовити цю річ?","","",""
"Integrated","Hades_","1166","Hades_1166","","","","Такі дрібниці, в такий час!","","",""
"Integrated","Hades_","1167","Hades_1167","","","","Якщо бажаєш викинути на вітер свої коштовності, я не проти.","","",""
"Integrated","Hades_","1168","Hades_1168","","","","Я не платитиму за такі речі.","","",""
"Integrated","Hades_","1169","Hades_1169","","","","Твої ресурси, витрачай як тобі завгодно.","","",""
"Integrated","Hades_","1171","Hades_1171","","","","Підраховуєш ресурси, які ще не заробив?","","",""
"Integrated","Hades_","1174","Hades_1174","","","","Дійсно.","","",""
"Integrated","Hades_","1178","Hades_1178","","","","Проте цю роботу треба виконати!","","",""
"Integrated","Hades_","1189","Hades_1189","","","","...Гарна робота, Загрею.","","",""
"Integrated","Hades_","1190","Hades_1190","","","","Останнім часом твоя продуктивність була адекватною...","","",""
"Integrated","Hades_","1191","Hades_1191","","","","Ти... працьовитий.","","",""
"Integrated","Hades_","1192","Hades_1192","","","","Твоя мати тобою пишається, як можеш бачити.","","",""
"Integrated","Hades_","1193","Hades_1193","","","","Тобі не вистачає кількох моїх найгірших рис.","","",""
"Integrated","Hades_","1194","Hades_1194","","","","Твої внески у добробут цього царства цінуються.","","",""
"Integrated","Hades_","1196","Hades_1196","","","","Ти вже постарайся. І... гарна робота.","","",""
"Integrated","Hades_","1204","Hades_1204","","","","Хто ці самопризначені судді, я хотів би знати!","","",""
"Integrated","Hades_","1205","Hades_1205","","","","Ти вже закінчив з декоруванням?","","",""
"Integrated","Hades_","1206","Hades_1206","","","","Було б чарівно, якби ти дав мені попрацювати у спокої!","","",""
"Integrated","Hades_","1207","Hades_1207","","","","Я впевнений, що вона досить скромна в порівнянні з Горою Олімп, але... я вірю, що ви добре розважилися.","","",""
