"Sisyphus","ID","ID","ID","","","","Line","","Notes by AR","Notes by DK"
"Integrated","Sisyphus_","0026","Sisyphus_0026","","","","Валунець і я, горді прислужитися, Ваша Величносте!","","",""
"Darren","Sisyphus_","0027","Sisyphus_0027","","","","Чого бажаєте?","","",""
"Darren","Sisyphus_","0028","Sisyphus_0028","","","","Я можу щось для вас зробити?","","",""
"Darren","Sisyphus_","0029","Sisyphus_0029","","","","Давайте-но проведу вас!","","",""
"Darren","Sisyphus_","0030","Sisyphus_0030","","","","Чим можу допомогти?","","",""
"Darren","Sisyphus_","0031","Sisyphus_0031","","","","Можливо вас зацікавить щось з цього?","","",""
"Darren","Sisyphus_","0033","Sisyphus_0033","","","","Я думаю, що міг би допомогти!","","",""
"Darren","Sisyphus_","0034","Sisyphus_0034","","","","Не соромтеся, вибирайте!","","",""
"Darren","Sisyphus_","0035","Sisyphus_0035","","","","Що я можу для вас зробити?","","",""
"Integrated","Sisyphus_","0036","Sisyphus_0036","","","","Без проблем!","","",""
"Darren","Sisyphus_","0037","Sisyphus_0037","","","","Ось що у мене є.","","",""
"Integrated","Sisyphus_","0038","Sisyphus_0038","","","","Звичайно!","","",""
"Integrated","Sisyphus_","0039","Sisyphus_0039","","","","Без проблем.","","",""
"Integrated","Sisyphus_","0040","Sisyphus_0040","","","","Ані слова більше!","","",""
"Integrated","Sisyphus_","0041","Sisyphus_0041","","","","Запросто!","","",""
"Integrated","Sisyphus_","0042","Sisyphus_0042","","","","Гарний вибір!","","",""
"Integrated","Sisyphus_","0043","Sisyphus_0043","","","","Це був гарний вибір!","","",""
"Integrated","Sisyphus_","0044","Sisyphus_0044","","","","Це все ваше!","","",""
"Integrated","Sisyphus_","0045","Sisyphus_0045","","","","Звичайно, тримайте!","","",""
"Integrated","Sisyphus_","0046","Sisyphus_0046","","","","Хороша ідея!","","",""
"Integrated","Sisyphus_","0047","Sisyphus_0047","","","","В цьому є сенс!","","",""
"Integrated","Sisyphus_","0048","Sisyphus_0048","","","","Чудесненько!","","",""
"Integrated","Sisyphus_","0049","Sisyphus_0049","","","","Не хвилюйтеся!","","",""
"Integrated","Sisyphus_","0050","Sisyphus_0050","","","","Це той хто я думаю...?","","",""
"Integrated","Sisyphus_","0051","Sisyphus_0051","","","","Агов!","","",""
"Integrated","Sisyphus_","0052","Sisyphus_0052","","","","Агов, вітання!","","",""
"Integrated","Sisyphus_","0053","Sisyphus_0053","","","","Дивіться хто!","","",""
"Integrated","Sisyphus_","0054","Sisyphus_0054","","","","Вітаннячка!","","",""
"Integrated","Sisyphus_","0055","Sisyphus_0055","","","","Вітаннячка, вітаю!","","",""
"Integrated","Sisyphus_","0056","Sisyphus_0056","","","","У мене невеличка перерва!","","",""
"Integrated","Sisyphus_","0057","Sisyphus_0057","","","","Саме вчасно!","","",""
"Integrated","Sisyphus_","0058","Sisyphus_0058","","","","Ваша Високосте!","","",""
"Integrated","Sisyphus_","0059","Sisyphus_0059","","","","Так, так!","","",""
"Integrated","Sisyphus_","0060","Sisyphus_0060","","","","Ви втіха для очей!","","",""
"Integrated","Sisyphus_","0061","Sisyphus_0061","","","","Принце З.!","","",""
"Integrated","Sisyphus_","0062","Sisyphus_0062","","","","Гей, гей!","","",""
"Integrated","Sisyphus_","0063","Sisyphus_0063","","","","Доброго ранку, чи що там зараз!","","",""
"Integrated","Sisyphus_","0064","Sisyphus_0064","","","","Аа, Принце?","","",""
"Integrated","Sisyphus_","0065","Sisyphus_0065","","","","А непогана була спроба!","","",""
"Integrated","Sisyphus_","0066","Sisyphus_0066","","","","Не буде з цього користі.","","",""
"Integrated","Sisyphus_","0067","Sisyphus_0067","","","","Я вже якби мертвий, Принце.","","",""
"Integrated","Sisyphus_","0068","Sisyphus_0068","","","","Не переймайтеся, Принце.","","",""
"Integrated","Sisyphus_","0069","Sisyphus_0069","","","","Та годі вам, ну.","","",""
"Integrated","Sisyphus_","0070","Sisyphus_0070","","","","Ой, та годі.","","",""
"Integrated","Sisyphus_","0071","Sisyphus_0071","","","","Навіщо перейматися.","","",""
"Integrated","Sisyphus_","0072","Sisyphus_0072","","","","Пробуте скільки хочете!","","",""
"Integrated","Sisyphus_","0073","Sisyphus_0073","","","","Дуже смішно, Принце.","","",""
"Integrated","Sisyphus_","0074","Sisyphus_0074","","","","Уф, непогано ви мені зацідили!","","",""
"Integrated","Sisyphus_","0075","Sisyphus_0075","","","","Ні, нічого не відчуваю.","","",""
"Integrated","Sisyphus_","0076","Sisyphus_0076","","","","Ось так, не тримайте в собі.","","",""
"Darren","Sisyphus_","0077","Sisyphus_0077","","","","Мені тут потрібна невеличка допомога...!","","",""
"Darren","Sisyphus_","0078","Sisyphus_0078","","","","Ви могли б мені допомогти?","","",""
"Darren","Sisyphus_","0079","Sisyphus_0079","","","","У мене тут невеличка проблема, Принце...!","","",""
"Darren","Sisyphus_","0080","Sisyphus_0080","","","","Мені б тут не завадила допомога...!","","",""
"Darren","Sisyphus_","0081","Sisyphus_0081","","","","Ум, вітаю, Принце...!","","",""
"Darren","Sisyphus_","0082","Sisyphus_0082","","","","Гарний у нас тут день, Принце...!","","",""
"Darren","Sisyphus_","0083","Sisyphus_0083","","","","Ум, вітаю, як справи?","","",""
"Darren","Sisyphus_","0084","Sisyphus_0084","","","","Чи не могли б ви мені допомогти?","","",""
"Darren","Sisyphus_","0085","Sisyphus_0085","","","","Не хотів би вас турбувати, але, аа...","","",""
"Darren","Sisyphus_","0086","Sisyphus_0086","","","","Ох, вітання Принце...!","","",""
"Darren","Sisyphus_","0087","Sisyphus_0087","","","","Потрібна невеличка допомога!","","",""
"Integrated","Sisyphus_","0088","Sisyphus_0088","","","","Емм, Принце...?","","",""
"Darren","Sisyphus_","0089","Sisyphus_0089","","","","У мене тут ситуація, Принце!","","",""
"Darren","Sisyphus_","0090","Sisyphus_0090","","","","Ще один день у Тартарі!","","",""
"Darren","Sisyphus_","0091","Sisyphus_0091","","","","Ви втіха для очей!","","",""
"Darren","Sisyphus_","0092","Sisyphus_0092","","","","Принце З.!","","",""
"Darren","Sisyphus_","0093","Sisyphus_0093","","","","Доброго ранку, чи що там зараз!","","",""
"Darren","Sisyphus_","0094","Sisyphus_0094","","","","Ваша Високосте!","","",""
"Darren","Sisyphus_","0095","Sisyphus_0095","","","","Дякую, Принце.","","",""
"Darren","Sisyphus_","0096","Sisyphus_0096","","","","Дякую.","","",""
"Darren","Sisyphus_","0097","Sisyphus_0097","","","","Буду вам винен.","","",""
"Darren","Sisyphus_","0098","Sisyphus_0098","","","","Якраз вчасно!","","",""
"Darren","Sisyphus_","0099","Sisyphus_0099","","","","Фух!","","",""
"Darren","Sisyphus_","0100","Sisyphus_0100","","","","Фух.","","",""
"Darren","Sisyphus_","0101","Sisyphus_0101","","","","Яке полегшення.","","",""
"Darren","Sisyphus_","0102","Sisyphus_0102","","","","Тиша та спокій!","","",""
"Darren","Sisyphus_","0103","Sisyphus_0103","","","","А ви їм показали!","","",""
"Darren","Sisyphus_","0104","Sisyphus_0104","","","","Вони отримали по зубах!","","",""
"Darren","Sisyphus_","0105","Sisyphus_0105","","","","Ви їх дістали!","","",""
"Darren","Sisyphus_","0106","Sisyphus_0106","","","","Набагато краще!","","",""
"Darren","Sisyphus_","0107","Sisyphus_0107","","","","Оце вже інша справа!","","",""
"Darren","Sisyphus_","0108","Sisyphus_0108","","","","Думав вони ніколи не підуть!","","",""
"Darren","Sisyphus_","0109","Sisyphus_0109","","","","Я перед вами у боргу.","","",""
"Darren","Sisyphus_","0110","Sisyphus_0110","","","","Який же я радий вас бачити.","","",""
"Integrated","Sisyphus_","0111","Sisyphus_0111","","","","Обережніше там!","","",""
"Integrated","Sisyphus_","0112","Sisyphus_0112","","","","Удачі там!","","",""
"Integrated","Sisyphus_","0113","Sisyphus_0113","","","","Попутного вам вітру, та й таке інше!","","",""
"Integrated","Sisyphus_","0114","Sisyphus_0114","","","","Бережіть себе!","","",""
"Integrated","Sisyphus_","0115","Sisyphus_0115","","","","Покажіть їм, Принце!","","",""
"Integrated","Sisyphus_","0116","Sisyphus_0116","","","","Прощавайте, Високосте!","","",""
"Integrated","Sisyphus_","0117","Sisyphus_0117","","","","Безпечної подорожі!","","",""
"Integrated","Sisyphus_","0118","Sisyphus_0118","","","","Бувайте!","","",""
"Integrated","Sisyphus_","0119","Sisyphus_0119","","","","Вам все вдасться!","","",""
"Integrated","Sisyphus_","0120","Sisyphus_0120","","","","До скорої зустрічі!","","",""
"Integrated","Sisyphus_","0121","Sisyphus_0121","","","","Не здавайтеся, Принце!","","",""
"Integrated","Sisyphus_","0122","Sisyphus_0122","","","","Ну, бережіть себе!","","",""
"Integrated","Sisyphus_","0123","Sisyphus_0123","","","","Бувайте!","","",""
"Integrated","Sisyphus_","0124","Sisyphus_0124","","","","Вам все вдасться!","","",""
"Integrated","Sisyphus_","0125","Sisyphus_0125","","","","Вам усе під силу, Принце!","","",""
"Integrated","Sisyphus_","0126","Sisyphus_0126","","","","Тоді, бувайте!","","",""
"Integrated","Sisyphus_","0127","Sisyphus_0127","","","","Ну добре, бувайте!","","",""
"Integrated","Sisyphus_","0128","Sisyphus_0128","","","","Обережніше там!","","",""
"Integrated","Sisyphus_","0132","Sisyphus_0132","","","","Хох, буде дуже нелегко, Принце. Запропонуй би це хто-небудь окрім вас, я назвав би його навіженим, якщо чесно. Проте, вам божевільності вистачить щоб усе це здійснити! Гей, зачекайте-но хвилинку, ось -- маю дещо, що може стати вам у пригоді.","","",""
"Darren","Sisyphus_","0161","Sisyphus_0161","","","","Ну добре, Принце З., якщо ви вже вирішили розщедритися для мене, я хотів би відповісти вам взаємністю. Не через сторіччя, а просто зараз. Тому, тримайте це, разом із моєю подякою.","","",""
"Darren","Sisyphus_","0162","Sisyphus_0162","","","","Охх, ця річ дозволить мені протягнути ще як мінімум століття штовхання каменю я б сказав! І, у мене є для вас дещо натомість.","","",""
"Integrated","Sisyphus_","0206","Sisyphus_0206","","","","Валунцю, глянь хто!","","",""
"Integrated","Sisyphus_","0207","Sisyphus_0207","","","","Вітаннячка, Ваша Високосте!","","",""
"Integrated","Sisyphus_","0208","Sisyphus_0208","","","","Ви повернулися, вітаю!","","",""
"Integrated","Sisyphus_","0209","Sisyphus_0209","","","","Він повернувся, Валунцю!","","",""
"Integrated","Sisyphus_","0210","Sisyphus_0210","","","","Радий вас бачити!","","",""
"Integrated","Sisyphus_","0211","Sisyphus_0211","","","","Знову впіймали мене на перерві!","","",""
"Integrated","Sisyphus_","0212","Sisyphus_0212","","","","Вітаннячка, Принце З.!","","",""
"Integrated","Sisyphus_","0213","Sisyphus_0213","","","","Як добре бачити вас, Принце!","","",""
"Integrated","Sisyphus_","0214","Sisyphus_0214","","","","Це він, Валунцю!","","",""
"Integrated","Sisyphus_","0215","Sisyphus_0215","","","","О, та це ж ви!","","",""
"Integrated","Sisyphus_","0216","Sisyphus_0216","","","","Агов, що нового останнім часом?","","",""
"Integrated","Sisyphus_","0217","Sisyphus_0217","","","","Принц повернувся!","","",""
"Integrated","Sisyphus_","0218","Sisyphus_0218","","","","Який сюрприз!","","",""
"Integrated","Sisyphus_","0219","Sisyphus_0219","","","","О, глянь хто йде, Валунцю!","","",""
"Integrated","Sisyphus_","0220","Sisyphus_0220","","","","А це я можу!","","",""
"Integrated","Sisyphus_","0221","Sisyphus_0221","","","","Маю саме те що треба!","","",""
"Integrated","Sisyphus_","0222","Sisyphus_0222","","","","Без проблем, Принце!","","",""
"Integrated","Sisyphus_","0223","Sisyphus_0223","","","","Звичайно, Високосте!","","",""
"Integrated","Sisyphus_","0224","Sisyphus_0224","","","","Звичайно, Принце З.!","","",""
"Integrated","Sisyphus_","0225","Sisyphus_0225","","","","З превеликим задоволенням, Принце!","","",""
"Integrated","Sisyphus_","0226","Sisyphus_0226","","","","Та взагалі без проблем!","","",""
"Integrated","Sisyphus_","0227","Sisyphus_0227","","","","Думаю я це можу, Принце!","","",""
"Integrated","Sisyphus_","0228","Sisyphus_0228","","","","Маю ось це, Принце З.!","","",""
"Integrated","Sisyphus_","0229","Sisyphus_0229","","","","Ну, тоді тримайте!","","",""
"Integrated","Sisyphus_","0230","Sisyphus_0230","","","","Ах, безперечно, Принце З.!","","",""
"Integrated","Sisyphus_","0231","Sisyphus_0231","","","","Ось тримайте!","","",""
"Integrated","Sisyphus_","0232","Sisyphus_0232","","","","Хах, непогано, Принце!","","",""
"Integrated","Sisyphus_","0233","Sisyphus_0233","","","","Угх, ви мене впіймали, Високосте!","","",""
"Integrated","Sisyphus_","0234","Sisyphus_0234","","","","Ох, благаю, помилуйте і таке інше!","","",""
"Integrated","Sisyphus_","0235","Sisyphus_0235","","","","Це ваш найкращий удар, Принце З.?","","",""
"Integrated","Sisyphus_","0236","Sisyphus_0236","","","","Тільки не розчаровуйтеся, добре?","","",""
"Integrated","Sisyphus_","0237","Sisyphus_0237","","","","Готуєтеся до довгого шляху попереду?","","",""
"Integrated","Sisyphus_","0238","Sisyphus_0238","","","","Гарний постріл, Принце!","","",""
"Integrated","Sisyphus_","0239","Sisyphus_0239","","","","Угх, мене поранено!","","",""
"Integrated","Sisyphus_","0240","Sisyphus_0240","","","","Вау, а ви сильні Принце З.!","","",""
"Integrated","Sisyphus_","0241","Sisyphus_0241","","","","Фух, напрочуд вражаюче, Принце!","","",""
"Integrated","Sisyphus_","0242","Sisyphus_0242","","","","Ще побачимося, добре?","","",""
"Integrated","Sisyphus_","0243","Sisyphus_0243","","","","Передавайте Фуріям привіт!","","",""
"Integrated","Sisyphus_","0244","Sisyphus_0244","","","","Вам усе під силу, Принце!","","",""
"Integrated","Sisyphus_","0245","Sisyphus_0245","","","","Приходьте ще!","","",""
"Integrated","Sisyphus_","0246","Sisyphus_0246","","","","Обережно там, гаразд?","","",""
"Integrated","Sisyphus_","0247","Sisyphus_0247","","","","Сподіваюся ви виберетеся на цей раз, Високосте!","","",""
"Integrated","Sisyphus_","0248","Sisyphus_0248","","","","Завжди у радість, Принце!","","",""
"Integrated","Sisyphus_","0249","Sisyphus_0249","","","","Бувайте, Високосте!","","",""
"Integrated","Sisyphus_","0250","Sisyphus_0250","","","","Думаєш на цей раз він дійде до кінця, Валунцю?","","",""
"Integrated","Sisyphus_","0251","Sisyphus_0251","","","","Продовжуйте боротися, Високосте!","","",""
"Integrated","Sisyphus_","0252","Sisyphus_0252","","","","Дякую що завітали!","","",""
"Integrated","Sisyphus_","0253","Sisyphus_0253","","","","До наступного разу, гаразд?","","",""
"Integrated","Sisyphus_","0254","Sisyphus_0254","","","","Виберіть когось свого розміру, Принце!","","",""
"Integrated","Sisyphus_","0255","Sisyphus_0255","","","","Цю битву вам не виграти!","","",""
"Integrated","Sisyphus_","0256","Sisyphus_0256","","","","Знадобиться більше за це, щоб зрушити з місця Валунця, Принце!","","",""
"Integrated","Sisyphus_","0257","Sisyphus_0257","","","","А він тяжкенький, правда!","","",""
"Integrated","Sisyphus_","0258","Sisyphus_0258","","","","Щоб ви не приготували, Валунець це витримає!","","",""
"Integrated","Sisyphus_","0259","Sisyphus_0259","","","","Ну-ну, тут в цьому потреби немає, Принце.","","",""
"Integrated","Sisyphus_","0260","Sisyphus_0260","","","","Пробуйте скільки влізе, Принце!","","",""
"Integrated","Sisyphus_","0261","Sisyphus_0261","","","","Гей, це мій друг, Принц З.","","",""
"Integrated","Sisyphus_","0262","Sisyphus_0262","","","","Не бийте Валунця, Принце.","","",""
"Integrated","Sisyphus_","0263","Sisyphus_0263","","","","З цим каменем краще не жартувати.","","",""
"Integrated","Sisyphus_","0264","Sisyphus_0264","","","","Не пораньтеся там, добре?","","",""
"Integrated","Sisyphus_","0265","Sisyphus_0265","","","","Ну ж бо, Високосте!","","",""
"Integrated","Sisyphus_","0266","Sisyphus_0266","","","","Чому, ваша Високосте?","","",""
"Integrated","Sisyphus_","0267","Sisyphus_0267","","","","Ох, а що вам Валунець зробив?","","",""
"Integrated","Sisyphus_","0268","Sisyphus_0268","","","","Дивіться під ноги!","","",""
"Integrated","Sisyphus_","0269","Sisyphus_0269","","","","Увага!","","",""
"Integrated","Sisyphus_","0270","Sisyphus_0270","","","","Принце З.!","","",""
"Integrated","Sisyphus_","0271","Sisyphus_0271","","","","Тримайтеся, Принце!","","",""
"Integrated","Sisyphus_","0272","Sisyphus_0272","","","","Дорогу!!","","",""
"Integrated","Sisyphus_","0273","Sisyphus_0273","","","","Валунцю!","","",""
"Integrated","Sisyphus_","0274","Sisyphus_0274","","","","Погнали!","","",""
"Integrated","Sisyphus_","0275","Sisyphus_0275","","","","Погнали!","","",""
"Integrated","Sisyphus_","0276","Sisyphus_0276","","","","Йду на пролом!","","",""
"Integrated","Sisyphus_","0277","Sisyphus_0277","","","","Упсики!","","",""
"Integrated","Sisyphus_","0278","Sisyphus_0278","","","","Агов, Принце!","","",""
"Integrated","Sisyphus_","0279","Sisyphus_0279","","","","Агов!!","","",""
"Integrated","Sisyphus_","0280","Sisyphus_0280","","","","Ііііі, ось!","","",""
"Integrated","Sisyphus_","0281","Sisyphus_0281","","","","Ми вас прикриємо, Високосте!","","",""
"Integrated","Sisyphus_","0282","Sisyphus_0282","","","","Раді допомогти!","","",""
"Integrated","Sisyphus_","0283","Sisyphus_0283","","","","На підході!","","",""
"Integrated","Sisyphus_","0284","Sisyphus_0284","","","","А ось і Валунець!","","",""
"Integrated","Sisyphus_","0285","Sisyphus_0285","","","","Валунцю, зараз!","","",""
"Integrated","Sisyphus_","0286","Sisyphus_0286","","","","Хах, хааах!!","","",""
"Integrated","Sisyphus_","0287","Sisyphus_0287","","","","Я перепрошую!!","","",""
"Integrated","Sisyphus_","0288","Sisyphus_0288","","","","Вітаннячка Принце!!","","",""
"Integrated","Sisyphus_","0289","Sisyphus_0289","","","","Без проблем!!","","",""
"Integrated","Sisyphus_","0290","Sisyphus_0290","","","","Пробачте, Мадам!!","","",""
"Integrated","Sisyphus_","0291","Sisyphus_0291","","","","Настав час відплати, Валунцю!","","",""
"Integrated","Sisyphus_","0292","Sisyphus_0292","","","","Це ж Сестри Фурії!","","",""
"Integrated","Sisyphus_","0293","Sisyphus_0293","","","","Агов, Мадам!!","","",""
"Integrated","Sisyphus_","0294","Sisyphus_0294","","","","Взяти її, Валунцю!","","",""
"Integrated","Sisyphus_","0295","Sisyphus_0295","","","","Впадемо на неї!","","",""
"Integrated","Sisyphus_","0296","Sisyphus_0296","","","","Це ж Володар Танатос!","","",""
"Integrated","Sisyphus_","0297","Sisyphus_0297","","","","Агов, Володарю Танатосе!","","",""
"Integrated","Sisyphus_","0298","Sisyphus_0298","","","","Як воно, Володарю Танатосе?!","","",""
"Integrated","Sisyphus_","0299","Sisyphus_0299","","","","Як справи, Володарю Танатосе?","","",""
"Integrated","Sisyphus_","0300","Sisyphus_0300","","","","Не зважайте на мене, Володарю Танатосе!","","",""
"Integrated","Sisyphus_","0301","Sisyphus_0301","","","","О, та це ж Володар Танатос!","","",""
"Integrated","Sisyphus_","0302","Sisyphus_0302","","","","Ой, Володарю Аїде, пане!","","",""
"Integrated","Sisyphus_","0303","Sisyphus_0303","","","","Агов, Лорде Аїде, пане!!","","",""
"Integrated","Sisyphus_","0304","Sisyphus_0304","","","","Прошу вибачення, Володарю Аїде, пане!","","",""
"Integrated","Sisyphus_","0305","Sisyphus_0305","","","","Лорд Аїд власною персоною!!","","",""
"Integrated","Sisyphus_","0306","Sisyphus_0306","","","","Ваша Високосте!!","","",""
"Integrated","Sisyphus_","0307","Sisyphus_0307","","","","Ви двоє, поладнайте між собою!","","",""
"Integrated","Sisyphus_","0308","Sisyphus_0308","","","","Ми тут, з вами, Високосте!","","",""
"Integrated","Sisyphus_","0309","Sisyphus_0309","","","","Принце З., ми повернулися!","","",""
"Integrated","Sisyphus_","0310","Sisyphus_0310","","","","Влупи по ним знову, Валунцю!","","",""
"Integrated","Sisyphus_","0311","Sisyphus_0311","","","","Ми вас прикриємо, Принце!","","",""
"Integrated","Sisyphus_","0312","Sisyphus_0312","","","","Прямо тут, поряд з вами, Принце!","","",""
"Integrated","Sisyphus_","0313","Sisyphus_0313","","","","Час спробувати ще, Валунцю!","","",""
"Integrated","Sisyphus_","0314","Sisyphus_0314","","","","Побережіться, Валунець іде!","","",""
"Integrated","Sisyphus_","0315","Sisyphus_0315","","","","Ще раз, Валунцю!","","",""
"Integrated","Sisyphus_","0316","Sisyphus_0316","","","","Упс!","","",""
"Integrated","Sisyphus_","0317","Sisyphus_0317","","","","Вибачте!","","",""
"Integrated","Sisyphus_","0318","Sisyphus_0318","","","","Моя провина!","","",""
"Integrated","Sisyphus_","0319","Sisyphus_0319","","","","Валунцю!!","","",""
"Integrated","Sisyphus_","0320","Sisyphus_0320","","","","Ах, добре!","","",""
"Integrated","Sisyphus_","0321","Sisyphus_0321","","","","Моя провина!","","",""
"Integrated","Sisyphus_","0322","Sisyphus_0322","","","","Промахнувся!","","",""
"Integrated","Sisyphus_","0323","Sisyphus_0323","","","","Ми промахнулися?","","",""
"Integrated","Sisyphus_","0324","Sisyphus_0324","","","","Не тут, Принце!","","",""
"Integrated","Sisyphus_","0325","Sisyphus_0325","","","","Хаха, непогана спроба!","","",""
"Integrated","Sisyphus_","0326","Sisyphus_0326","","","","Боюся що ні, Принце З.","","",""
"Integrated","Sisyphus_","0327","Sisyphus_0327","","","","Яка від цього користь тут?","","",""
"Integrated","Sisyphus_","0328","Sisyphus_0328","","","","Ой та годі.","","",""
"Integrated","Sisyphus_","0329","Sisyphus_0329","","","","А ми вже тут щоб допомогти!","","",""
"Integrated","Sisyphus_","0330","Sisyphus_0330","","","","Кличте нас практично коли завгодно!","","",""
"Integrated","Sisyphus_","0331","Sisyphus_0331","","","","Ми тут, Принце!","","",""
"Integrated","Sisyphus_","0332","Sisyphus_0332","","","","Ну ж бо, Високосте!","","",""
"Integrated","Sisyphus_","0333","Sisyphus_0333","","","","Кличте нас коли буде потреба!","","",""
"Integrated","Sisyphus_","0356","Sisyphus_0356","","","","Валунець вельми вдячний!","","",""
"Integrated","Sisyphus_","0357","Sisyphus_0357","","","","Від імені Валунця, я вам дякую!","","",""
"Integrated","Sisyphus_","0358","Sisyphus_0358","","","","Подивіться, який Валунець щасливий!","","",""
"Integrated","Sisyphus_","0359","Sisyphus_0359","","","","Це хороший камінь, чи не так, Принце!","","",""
"Integrated","Sisyphus_","0360","Sisyphus_0360","","","","Ви маєте прихильність Валунця, Принце!","","",""
"Integrated","Sisyphus_","0361","Sisyphus_0361","","","","Мені здається ви йому подобаєтеся!","","",""
"Integrated","Sisyphus_","0362","Sisyphus_0362","","","","Валунець вдячний.","","",""
"Integrated","Sisyphus_","0363","Sisyphus_0363","","","","Ваше підношення було прийняте, Принце!","","",""
"Integrated","Sisyphus_","0364","Sisyphus_0364","","","","Я впевнений що він вдячний, Принце.","","",""
"Integrated","Sisyphus_","0365","Sisyphus_0365","","","","Гарно з вашого боку, Принце З.!","","",""
"Integrated","Sisyphus_","0366","Sisyphus_0366","","","","Валунець вас прикриє!","","",""
"Integrated","Sisyphus_","0367","Sisyphus_0367","","","","Ти це бачиш, Валунцю?","","",""
"Integrated","Sisyphus_","0368","Sisyphus_0368","","","","Здається Валунець починає до вас прикипати!","","",""
"Integrated","Sisyphus_","0369","Sisyphus_0369","","","","Валунець хороший слухач, чи не так!","","",""
"Integrated","Sisyphus_","0370","Sisyphus_0370","","","","Вас благословив Валунець!","","",""
"Integrated","Sisyphus_","0371","Sisyphus_0371","","","","Ви показали цим пильним горщикам!","","",""
"Integrated","Sisyphus_","0372","Sisyphus_0372","","","","Гарний постріл, Принце З.!","","",""
"Integrated","Sisyphus_","0373","Sisyphus_0373","","","","Цей звук ніколи не старіє!","","",""
"Integrated","Sisyphus_","0374","Sisyphus_0374","","","","Дякую що трохи підібрали!","","",""
"Integrated","Sisyphus_","0375","Sisyphus_0375","","","","Вони продовжують їх заміняти.","","",""
"Integrated","Sisyphus_","0376","Sisyphus_0376","","","","Вдалий постріл, Принце З.!","","",""
"Integrated","Sisyphus_","0377","Sisyphus_0377","","","","Радий що це був не я!","","",""
"Integrated","Sisyphus_","0378","Sisyphus_0378","","","","Розбийте усі горщики, якщо вам так хочеться!","","",""
"Integrated","Sisyphus_","0379","Sisyphus_0379","","","","Боюся що вони порожні, Принце!","","",""
"Integrated","Sisyphus_","0380","Sisyphus_0380","","","","Не варто витрачати на них час, Принце.","","",""
"Integrated","Sisyphus_","0381","Sisyphus_0381","","","","Бачу ви їх відігнали!","","",""
"Integrated","Sisyphus_","0382","Sisyphus_0382","","","","Ці тіні завжди повертаються.","","",""
"Integrated","Sisyphus_","0383","Sisyphus_0383","","","","Ой, та ці тіні не такі вже й погані.","","",""
"Integrated","Sisyphus_","0384","Sisyphus_0384","","","","Навіщо їх турбувати, Принце З.?","","",""
"Integrated","Sisyphus_","0385","Sisyphus_0385","","","","Тут в цьому потреби немає, Принце.","","",""
"Integrated","Sisyphus_","0386","Sisyphus_0386","","","","Вони повернуться наступного разу.","","",""
"Integrated","Sisyphus_","0387","Sisyphus_0387","","","","Ці тіні тут застряли, Принце.","","",""
"Integrated","Sisyphus_","0388","Sisyphus_0388","","","","Для чого відлякувати тіні?","","",""
"Darren","Sisyphus_","0389","Sisyphus_0389","","","","Ох, ну тоді цей я поки заховаю, Принце!","","",""
"Darren","Sisyphus_","0390","Sisyphus_0390","","","","Я це ціную, Високосте, будьте певні.","","",""
"Darren","Sisyphus_","0391","Sisyphus_0391","","","","Це для мене, Принце З.? Ну тоді, добре!","","",""
"Darren","Sisyphus_","0392","Sisyphus_0392","","","","Якщо ви наполягаєте, я це у вас заберу, Високосте.","","",""
"Darren","Sisyphus_","0393","Sisyphus_0393","","","","Мені в цьому потреби немає, але я це візьму, Принце!","","",""
"Darren","Sisyphus_","0394","Sisyphus_0394","","","","Ну годі, Високосте, вам не варто було.","","",""
"Darren","Sisyphus_","0395","Sisyphus_0395","","","","Будь ласка, не подумайте зайвого, Принце, але я не можу це прийняти.","","",""
"Darren","Sisyphus_","0396","Sisyphus_0396","","","","Прошу вибачення, Принце З., але мені це не потрібно. Краще прибережіть у себе.","","",""
"Darren","Sisyphus_","0397","Sisyphus_0397","","","","Боюся що мені цього не треба, Величносте, але я ціную ваш жест!","","",""
"Darren","Sisyphus_","0398","Sisyphus_0398","","","","Хоч я і вдячний, Принце З., але зараз мені це не потрібно.","","",""
"Darren","Sisyphus_","0399","Sisyphus_0399","","","","Ваша Величносте, мені було цікаво, чи не проти б ви мене вислухати.","","",""
"Darren","Sisyphus_","0400","Sisyphus_0400","","","","Принце З., маю до вас невеличке прохання, якщо ви не проти.","","",""
"Darren","Sisyphus_","0401","Sisyphus_0401","","","","Хотів у вас дещо попросити, Високосте.","","",""
"Darren","Sisyphus_","0402","Sisyphus_0402","","","","Маємо маленьке прохання, якщо у вас буде хвилинка, Принце.","","",""
"Darren","Sisyphus_","0403","Sisyphus_0403","","","","<Сміх>","","",""
"Darren","Sisyphus_","0404","Sisyphus_0404","","","","<Сміх>","","",""
"Darren","Sisyphus_","0405","Sisyphus_0405","","","","Гм.","","",""
"Darren","Sisyphus_","0406","Sisyphus_0406","","","","Ех.","","",""
"Darren","Sisyphus_","0407","Sisyphus_0407","","","","<Насмішка>","","",""
"Darren","Sisyphus_","0408","Sisyphus_0408","","","","Га?","","",""
"Darren","Sisyphus_","0409","Sisyphus_0409","","","","Хах.","","",""
"Darren","Sisyphus_","0410","Sisyphus_0410","","","","Хмм.","","",""
"Darren","Sisyphus_","0414","Sisyphus_0414","","","","Охх, це найдобірніше з того, що ви діставали, Принце З.!","","",""
"Darren","Sisyphus_","0415","Sisyphus_0415","","","","Це дійсно мені, Величносте? Ви ж знаєте що я в абсолютному захваті від цих штук?","","",""
"Darren","Sisyphus_","0416","Sisyphus_0416","","","","Ах, дивись що Принц нам приніс, Валунцю!","","",""
"Darren","Sisyphus_","0417","Sisyphus_0417","","","","Від імені Валунця та мене, висловлюю вдячність, за ваш щедрий жест.","","",""
"Integrated","Sisyphus_","0447","Sisyphus_0447","","","","Оу, Харон!","","",""
"Integrated","Sisyphus_","0448","Sisyphus_0448","","","","Це Харон!","","",""
"Integrated","Sisyphus_","0449","Sisyphus_0449","","","","Чи це не Харон власною персоною!","","",""
"Integrated","Sisyphus_","0450","Sisyphus_0450","","","","Ось дещо, Хароне!","","",""
"Integrated","Sisyphus_","0451","Sisyphus_0451","","","","Розчави його, Валунцю!","","",""
"Integrated","Sisyphus_","0452","Sisyphus_0452","","","","Ось плата, Хароне!","","",""
"Integrated","Sisyphus_","0463","Sisyphus_0463","","","","Валунець це оцінив!","","",""
"Integrated","Sisyphus_","0464","Sisyphus_0464","","","","Оу, подивіться який Валунець щасливий!","","",""
"Integrated","Sisyphus_","0465","Sisyphus_0465","","","","Ви дуже люб'язні, Принце З.","","",""
"Integrated","Sisyphus_","0466","Sisyphus_0466","","","","Бачиш, Валунцю?","","",""
"Integrated","Sisyphus_","0467","Sisyphus_0467","","","","Між вами двома, дійсно щось відбувається!","","",""
"Integrated","Sisyphus_","0468","Sisyphus_0468","","","","Валунець вас прикриє.","","",""
