"Skelly","ID","ID","ID","","","","Line","","Notes by AR","Notes by DK"
"Integrated","Skelly_","0002","Skelly_0002","","","","Агов, хлопе, дивись куди свої вогняні кулі розкидаєш, вони тут такий гармидер зчиняють, а я то це все потім прибираю, січеш? Але як хто дістане, маєш мій дозвіл затулити одненьку прямо йому межи очі!","","",""
"Integrated","Skelly_","0005","Skelly_0005","","","","Гарненьке в тебе тут місце, хлопако! Хоча, годі теревенити, давай вже поспарингуємо! Давай, не соромся, вліпи мені як слід!!","","",""
"Integrated","Skelly_","0007","Skelly_0007","","","","Пссс, сюди!","","",""
"Integrated","Skelly_","0008","Skelly_0008","","","","Гей, гей!","","",""
"Integrated","Skelly_","0009","Skelly_0009","","","","Гей, хлопако!","","",""
"Integrated","Skelly_","0010","Skelly_0010","","","","Пововтузимося, хлопако?","","",""
"Integrated","Skelly_","0011","Skelly_0011","","","","Думаєш мене забореш, хлопако?","","",""
"Integrated","Skelly_","0012","Skelly_0012","","","","Ее, непогано!","","",""
"Integrated","Skelly_","0013","Skelly_0013","","","","Це я відчув!","","",""
"Integrated","Skelly_","0014","Skelly_0014","","","","Ех, добре!","","",""
"Integrated","Skelly_","0015","Skelly_0015","","","","Так, це воно!","","",""
"Integrated","Skelly_","0016","Skelly_0016","","","","Прям як треба!","","",""
"Integrated","Skelly_","0017","Skelly_0017","","","","Так, хлопако!","","",""
"Integrated","Skelly_","0018","Skelly_0018","","","","Таак!","","",""
"Integrated","Skelly_","0019","Skelly_0019","","","","Оу так!","","",""
"Integrated","Skelly_","0020","Skelly_0020","","","","Досить непогано!","","",""
"Integrated","Skelly_","0021","Skelly_0021","","","","Ого, так!","","",""
"Integrated","Skelly_","0022","Skelly_0022","","","","Оуу, добре!","","",""
"Integrated","Skelly_","0023","Skelly_0023","","","","Непогано!","","",""
"Integrated","Skelly_","0024","Skelly_0024","","","","А це, я майже відчув!","","",""
"Integrated","Skelly_","0025","Skelly_0025","","","","Хех!","","",""
"Darren","Skelly_","0047","Skelly_0047","","","","Чим тобі підсобити?","","",""
"Integrated","Skelly_","0048","Skelly_0048","","","","Сам як, хлопако.","","",""
"Darren","Skelly_","0049","Skelly_0049","","","","Уважно слухаю!","","",""
"Darren","Skelly_","0050","Skelly_0050","","","","Так, шо?","","",""
"Darren","Skelly_","0051","Skelly_0051","","","","Шо треба?","","",""
"Darren","Skelly_","0052","Skelly_0052","","","","Ти шось хотів, чи шо?","","",""
"Integrated","Skelly_","0053","Skelly_0053","","","","Так, без проблем.","","",""
"Darren","Skelly_","0054","Skelly_0054","","","","Чом би й ні.","","",""
"Darren","Skelly_","0055","Skelly_0055","","","","Без проблем.","","",""
"Darren","Skelly_","0056","Skelly_0056","","","","Зрозумів.","","",""
"Darren","Skelly_","0057","Skelly_0057","","","","Без проблем.","","",""
"Darren","Skelly_","0058","Skelly_0058","","","","Звичайно!","","",""
"Integrated","Skelly_","0059","Skelly_0059","","","","Авжеж, звичайно.","","",""
"Darren","Skelly_","0060","Skelly_0060","","","","Я це почув.","","",""
"Darren","Skelly_","0061","Skelly_0061","","","","Ні, та я зрозумів.","","",""
"Darren","Skelly_","0062","Skelly_0062","","","","Залиш це мені!","","",""
"Integrated","Skelly_","0063","Skelly_0063","","","","Огого!","","",""
"Integrated","Skelly_","0064","Skelly_0064","","","","Яууу!","","",""
"Integrated","Skelly_","0065","Skelly_0065","","","","Так тримати!","","",""
"Integrated","Skelly_","0066","Skelly_0066","","","","Так, не зупиняйся!","","",""
"Integrated","Skelly_","0067","Skelly_0067","","","","Хо-хоооо!","","",""
"Integrated","Skelly_","0068","Skelly_0068","","","","Вууу!","","",""
"Integrated","Skelly_","0069","Skelly_0069","","","","А це трохи боляче!","","",""
"Integrated","Skelly_","0070","Skelly_0070","","","","Хох, так!","","",""
"Integrated","Skelly_","0071","Skelly_0071","","","","Непогано!","","",""
"Integrated","Skelly_","0072","Skelly_0072","","","","Дуже круто!","","",""
"Integrated","Skelly_","0073","Skelly_0073","","","","Плани змінилися, га?","","",""
"Integrated","Skelly_","0074","Skelly_0074","","","","Так, а це вже непогано.","","",""
"Integrated","Skelly_","0075","Skelly_0075","","","","О, плани змінилися, мені це подобається!","","",""
"Integrated","Skelly_","0076","Skelly_0076","","","","Це має бути цікаво.","","",""
"Integrated","Skelly_","0077","Skelly_0077","","","","Хочеш випробувати цю штуку?","","",""
"Integrated","Skelly_","0078","Skelly_0078","","","","Тепер ти цією штукою користуєшся, га?","","",""
"Integrated","Skelly_","0079","Skelly_0079","","","","Гей, ця річ виглядає жахливо.","","",""
"Integrated","Skelly_","0080","Skelly_0080","","","","Оох, гляньте-но на це.","","",""
"Integrated","Skelly_","0081","Skelly_0081","","","","А у тебе там серйозний ніж.","","",""
"Integrated","Skelly_","0082","Skelly_0082","","","","Ця твоя тареля виглядає страшно.","","",""
"Integrated","Skelly_","0083","Skelly_0083","","","","Це шо, якась вудка, чи шо?","","",""
"Integrated","Skelly_","0084","Skelly_0084","","","","Жмешся підійди ближче, хлопако?","","",""
"Integrated","Skelly_","0085","Skelly_0085","","","","Гееей, файно!","","",""
"Integrated","Skelly_","0086","Skelly_0086","","","","Шо зловив, шо зловив?","","",""
"Integrated","Skelly_","0087","Skelly_0087","","","","Мажш шось файне?","","",""
"Integrated","Skelly_","0088","Skelly_0088","","","","Це шо таке?","","",""
"Integrated","Skelly_","0089","Skelly_0089","","","","Хуух, ти дістав одного!","","",""
"Integrated","Skelly_","0090","Skelly_0090","","","","Трохи відпочинеш, дружбан?","","",""
"Integrated","Skelly_","0091","Skelly_0091","","","","Так і шо, відпочинеш чи як?","","",""
"Integrated","Skelly_","0092","Skelly_0092","","","","Все дружбан, можеш попуститися!","","",""
"Integrated","Skelly_","0093","Skelly_0093","","","","Якшо хочеш перепочити, хлопако, я не проти.","","",""
"Integrated","Skelly_","0094","Skelly_0094","","","","Ну, якось незручно!","","",""
"Integrated","Skelly_","0095","Skelly_0095","","","","І як мені повернутися?","","",""
"Integrated","Skelly_","0096","Skelly_0096","","","","Не думаю що я мав би тут бути.","","",""
"Integrated","Skelly_","0097","Skelly_0097","","","","Ух, я трохи застряг, дружбан.","","",""
"Integrated","Skelly_","0098","Skelly_0098","","","","Ні, нііііііі!","","",""
"Integrated","Skelly_","0099","Skelly_0099","","","","Так, піде...!","","",""
"Integrated","Skelly_","0100","Skelly_0100","","","","Тааааак!","","",""
"Integrated","Skelly_","0101","Skelly_0101","","","","Солодке визволення!","","",""
"Integrated","Skelly_","0102","Skelly_0102","","","","ААААААААА!!","","",""
"Integrated","Skelly_","0103","Skelly_0103","","","","Ух, зараз повернусь...!","","",""
"Integrated","Skelly_","0104","Skelly_0104","","","","Упс, мушу йти!","","",""
"Integrated","Skelly_","0105","Skelly_0105","","","","Аххххх...","","",""
"Integrated","Skelly_","0106","Skelly_0106","","","","Хех, хехе, непогано я тебе підловив!","","",""
"Integrated","Skelly_","0107","Skelly_0107","","","","Шо я пропустив?","","",""
"Unused","Skelly_","0108","Skelly_0108","","","","Хахах, файненько я тебе нажучив!","","",""
"Integrated","Skelly_","0109","Skelly_0109","","","","Іііі, ми повернулися.","","",""
"Integrated","Skelly_","0110","Skelly_0110","","","","Ну добре, повертаємося до роботи.","","",""
"Integrated","Skelly_","0111","Skelly_0111","","","","Скучив за мною, хлопако?","","",""
"Integrated","Skelly_","0112","Skelly_0112","","","","Гееей.","","",""
"Integrated","Skelly_","0113","Skelly_0113","","","","О, здоров.","","",""
"Integrated","Skelly_","0114","Skelly_0114","","","","Так, а я вже вернувся!","","",""
"Integrated","Skelly_","0121","Skelly_0121","","","","Хоу, це те шо я завжди хотів, окрім того, шоб мене лупили без всякої на то причини! Я візьму це з твоїх рук, але дозволь мені дати тобі це!","","",""
"Integrated","Skelly_","0122","Skelly_0122","","","","Саме вже час був тобі з'явитися!","","",""
"Integrated","Skelly_","0123","Skelly_0123","","","","Вони завжди повертаються.","","",""
"Integrated","Skelly_","0124","Skelly_0124","","","","Я тут зачекався!","","",""
"Integrated","Skelly_","0125","Skelly_0125","","","","Точно за розкладом!","","",""
"Integrated","Skelly_","0126","Skelly_0126","","","","Гей!","","",""
"Integrated","Skelly_","0127","Skelly_0127","","","","Я був тут весь час!","","",""
"Integrated","Skelly_","0128","Skelly_0128","","","","Не ворухнув ні м'язом!","","",""
"Integrated","Skelly_","0129","Skelly_0129","","","","Готовий йти, чи як?","","",""
"Integrated","Skelly_","0130","Skelly_0130","","","","Хочеш пововтузитися?","","",""
"Integrated","Skelly_","0131","Skelly_0131","","","","Хех-геей!","","",""
"Integrated","Skelly_","0132","Skelly_0132","","","","Як воно?","","",""
"Integrated","Skelly_","0133","Skelly_0133","","","","А ось і він!","","",""
"Integrated","Skelly_","0134","Skelly_0134","","","","О, хей.","","",""
"Integrated","Skelly_","0135","Skelly_0135","","","","Шо там, як сам?","","",""
"Integrated","Skelly_","0136","Skelly_0136","","","","Пощастило останнього разу?","","",""
"Integrated","Skelly_","0137","Skelly_0137","","","","Виглядає непогано!","","",""
"Integrated","Skelly_","0138","Skelly_0138","","","","Ах, ти мене підстрелив!","","",""
"Integrated","Skelly_","0139","Skelly_0139","","","","Я це прибережу!","","",""
"Integrated","Skelly_","0140","Skelly_0140","","","","Впіймав!","","",""
"Integrated","Skelly_","0141","Skelly_0141","","","","Зацідив мені непогано!","","",""
"Integrated","Skelly_","0142","Skelly_0142","","","","Мене зачепили!","","",""
"Integrated","Skelly_","0143","Skelly_0143","","","","Налітайте!","","",""
"Integrated","Skelly_","0144","Skelly_0144","","","","Стрельнеш ще раз?","","",""
"Darren","Skelly_","0145","Skelly_0145","","","","Назад до тебе!","","",""
"Darren","Skelly_","0146","Skelly_0146","","","","Лови!","","",""
"Integrated","Skelly_","0147","Skelly_0147","","","","Щось впустив!","","",""
"Integrated","Skelly_","0148","Skelly_0148","","","","А хто цей красунчик?","","",""
"Integrated","Skelly_","0149","Skelly_0149","","","","Гей, як там твій друг?","","",""
"Integrated","Skelly_","0150","Skelly_0150","","","","Гей, а я знаю цього хлопця.","","",""
"Integrated","Skelly_","0151","Skelly_0151","","","","Глянь-но на того хлопця.","","",""
"Integrated","Skelly_","0152","Skelly_0152","","","","Гей, як ся маєш?","","",""
"Darren","Skelly_","0153","Skelly_0153","","","","О, здоров Рон.","","",""
"Integrated","Skelly_","0154","Skelly_0154","","","","О, здоров народ.","","",""
"Darren","Skelly_","0155","Skelly_0155","","","","Гей хлопако, гей Роне.","","",""
"Darren","Skelly_","0156","Skelly_0156","","","","Гей, воно мені так виглядає шо там для тебе шось є.","","",""
"Integrated","Skelly_","0157","Skelly_0157","","","","Там є шось, на шо тобі варто глянути.","","",""
"Darren","Skelly_","0158","Skelly_0158","","","","Там шось доставили, чи шо.","","",""
"Darren","Skelly_","0163","Skelly_0163","","","","...Ну тобто, Ахіллесе, дружбан, я не хочу крапати тобі на мізки, чи шось типу того, але хотів би сказати, шо я, особисто, коли ше був живий, ніколи не ловив стрілу у щиколотку... чи куди воно там!","","",""
"Darren","Skelly_","0164","Skelly_0164","","","","Хох, я був чимось іншим, серйозно, якби ж ти міг мене тоді бачити! Я міг винести будь-кого на острові, з зав'язаними очима!","","",""
"Integrated","Skelly_","0172","Skelly_0172","","","","<Ах! Ууф! Агх! Умгх. Вау! Брлбр! Бвух! Унгх! Вуу!>","","",""
"Integrated","Skelly_","0175","Skelly_0175","","","","О, а от і хлопака якого я хотів побачити, ходь сюди!","","",""
"Integrated","Skelly_","0176","Skelly_0176","","","","Ох, а у мене шось для тебе є, хлопако!","","",""
"Integrated","Skelly_","0177","Skelly_0177","","","","Ти тільки глянь на ці призи.","","",""
"Integrated","Skelly_","0180","Skelly_0180","","","","Хах, ти це зробив хлопако! Твоя нагорода он там!","","",""
"Integrated","Skelly_","0181","Skelly_0181","","","","Урааа, в тебе вийшло, дружбан!","","",""
"Integrated","Skelly_","0182","Skelly_0182","","","","Це дійсно так! Хіба вона не красуня!","","",""
"Integrated","Skelly_","0185","Skelly_0185","","","","Воу-хох, ти заслужив собі ше один, вітаю!","","",""
"Integrated","Skelly_","0186","Skelly_0186","","","","Бути мені задніми лапами пекельного пса, у тебе дійсно це вийшло.","","",""
"Integrated","Skelly_","0187","Skelly_0187","","","","Це тому, шо ти прониклива особа, дружбан!","","",""
"Integrated","Skelly_","0190","Skelly_0190","","","","Ох ні...","","",""
"Integrated","Skelly_","0191","Skelly_0191","","","","Так, дружбан. Це так.","","",""
"Integrated","Skelly_","0192","Skelly_0192","","","","...Шо... ти це серйозно, дружбан?","","",""
"Integrated","Skelly_","0195","Skelly_0195","","","","Я скажу!","","",""
"Integrated","Skelly_","0196","Skelly_0196","","","","Але, хіба не так?","","",""
"Integrated","Skelly_","0197","Skelly_0197","","","","До речі, я казав що коштує воно немало?","","",""
"Integrated","Skelly_","0198","Skelly_0198","","","","Також важить дуже багато.","","",""
"Integrated","Skelly_","0199","Skelly_0199","","","","Я знаю про шо ти, дружбан.","","",""
"Integrated","Skelly_","0200","Skelly_0200","","","","Безумовно, так.","","",""
"Integrated","Skelly_","0201","Skelly_0201","","","","Вірно сказано, хлопако.","","",""
"Integrated","Skelly_","0202","Skelly_0202","","","","Чи вона не прекрасна?","","",""
"Integrated","Skelly_","0203","Skelly_0203","","","","Я думав про те саме.","","",""
"Integrated","Skelly_","0204","Skelly_0204","","","","А у тебе є смак, дружбан, віддам тобі належне.","","",""
"Integrated","Skelly_","0205","Skelly_0205","","","","Вона безумовно непогана!","","",""
"Integrated","Skelly_","0206","Skelly_0206","","","","Для тебе тільки найкраще, дружбан.","","",""
"Integrated","Skelly_","0207","Skelly_0207","","","","Гарно тлумачиш, хлопако.","","",""
"Integrated","Skelly_","0208","Skelly_0208","","","","Я знаю шо ти маєш на увазі.","","",""
"Integrated","Skelly_","0209","Skelly_0209","","","","Я знав що тобі сподобається цей аспект.","","",""
"Integrated","Skelly_","0210","Skelly_0210","","","","Я знаю, правда?","","",""
"Integrated","Skelly_","0211","Skelly_0211","","","","Ох, абсолютно, так.","","",""
"Integrated","Skelly_","0212","Skelly_0212","","","","Воу, не чіпай цю штуку!","","",""
"Integrated","Skelly_","0213","Skelly_0213","","","","Ось там, це безцінний витвір мистецтва, дружбан!","","",""
"Integrated","Skelly_","0214","Skelly_0214","","","","Гей, не дряпай ту штуку, хлопако!","","",""
"Integrated","Skelly_","0215","Skelly_0215","","","","Ти мене вбиваєш дружбан.","","",""
"Integrated","Skelly_","0216","Skelly_0216","","","","Ні, не статую, будь ласка!","","",""
"Integrated","Skelly_","0217","Skelly_0217","","","","Не роби цього!","","",""
"Integrated","Skelly_","0218","Skelly_0218","","","","Ні, зупинися!","","",""
"Integrated","Skelly_","0219","Skelly_0219","","","","Прошу, дружбан.","","",""
"Integrated","Skelly_","0220","Skelly_0220","","","","Оо, ти такий жорстокий.","","",""
"Integrated","Skelly_","0221","Skelly_0221","","","","Гей, акуратніше зі статуями!","","",""
"Integrated","Skelly_","0222","Skelly_0222","","","","Воу воу воу!","","",""
"Integrated","Skelly_","0223","Skelly_0223","","","","Гей, обережніше!","","",""
"Integrated","Skelly_","0224","Skelly_0224","","","","Не бий їх!","","",""
"Integrated","Skelly_","0225","Skelly_0225","","","","Воу, обережніше, дружбан!","","",""
"Integrated","Skelly_","0226","Skelly_0226","","","","Гей, припини це!","","",""
"Integrated","Skelly_","0227","Skelly_0227","","","","Йди заповни той документ, який маєш.","","",""
"Integrated","Skelly_","0228","Skelly_0228","","","","Не я придумую правила, дружбан.","","",""
"Integrated","Skelly_","0229","Skelly_0229","","","","На це змагання треба записатися.","","",""
"Integrated","Skelly_","0230","Skelly_0230","","","","Давай, насмілься!","","",""
"Integrated","Skelly_","0231","Skelly_0231","","","","Чи вистачить тобі духу?","","",""
"Integrated","Skelly_","0232","Skelly_0232","","","","Ну ж бо...","","",""
"Integrated","Skelly_","0233","Skelly_0233","","","","Ух-ух-ух!","","",""
"Integrated","Skelly_","0234","Skelly_0234","","","","Це треба заслужити, дружбан!","","",""
"Integrated","Skelly_","0235","Skelly_0235","","","","Думаєш тобі стане духу?!","","",""
"Integrated","Skelly_","0236","Skelly_0236","","","","Чудесний приз, хлопако!","","",""
"Integrated","Skelly_","0237","Skelly_0237","","","","Ну ж бо, дружбан, поживи трохи!","","",""
"Integrated","Skelly_","0238","Skelly_0238","","","","Нєа, для цього треба попрацювати!","","",""
"Integrated","Skelly_","0239","Skelly_0239","","","","Ура!","","",""
"Integrated","Skelly_","0240","Skelly_0240","","","","У нас є переможець!","","",""
"Integrated","Skelly_","0241","Skelly_0241","","","","Ти це заслужив, дружбан.","","",""
"Integrated","Skelly_","0242","Skelly_0242","","","","Та-даааа!","","",""
"Integrated","Skelly_","0243","Skelly_0243","","","","Спеціальна доставочка, для тебе, хлопако!","","",""
"Integrated","Skelly_","0244","Skelly_0244","","","","Завжди тримай пальці на гачку, дружбан.","","",""
"Integrated","Skelly_","0245","Skelly_0245","","","","Нічого особливого, дружбан, просто цілься і стріляй.","","",""
"Integrated","Skelly_","0246","Skelly_0246","","","","Знаєш як цим користуватися?","","",""
"Integrated","Skelly_","0247","Skelly_0247","","","","Маєш ліцензію на цю штуку?","","",""
"Integrated","Skelly_","0249","Skelly_0249","","","","Варто б тобі глянути до своєї зброї...","","",""
"Integrated","Skelly_","0252","Skelly_0252","","","","Ей, шо сталося?","","",""
"Integrated","Skelly_","0253","Skelly_0253","","","","Воу, це шо було?","","",""
"Integrated","Skelly_","0254","Skelly_0254","","","","Ей, шо там відбувається?","","",""
"Integrated","Skelly_","0255","Skelly_0255","","","","Шо це там за безлад?","","",""
"Integrated","Skelly_","0256","Skelly_0256","","","","Гей, воу, шо?","","",""
"Integrated","Skelly_","0257","Skelly_0257","","","","Шо ти зробив, хлопако?","","",""
"Integrated","Skelly_","0258","Skelly_0258","","","","Воу, можна я гляну?","","",""
"Integrated","Skelly_","0259","Skelly_0259","","","","Ти шо тільки шо зробив?","","",""
"Integrated","Skelly_","0260","Skelly_0260","","","","У тебе там все гаразд, дружбан?","","",""
"Integrated","Skelly_","0261","Skelly_0261","","","","Це шо за магія така?","","",""
"Integrated","Skelly_","0262","Skelly_0262","","","","Таких порізів я ще не відчував!","","",""
"Integrated","Skelly_","0263","Skelly_0263","","","","Мені подобається те шо ти зробив зі своїм мечем!","","",""
"Integrated","Skelly_","0264","Skelly_0264","","","","А цей лук кусається по-іншому!","","",""
"Integrated","Skelly_","0265","Skelly_0265","","","","Це нові стріли чи шо, дружбан?","","",""
"Integrated","Skelly_","0266","Skelly_0266","","","","Твій щит гарненько виглядає, дружбан!","","",""
"Integrated","Skelly_","0267","Skelly_0267","","","","У мене таке відчуття що за мною спостерігають...?","","",""
"Integrated","Skelly_","0268","Skelly_0268","","","","Так мене ще ніколи не кололи!","","",""
"Integrated","Skelly_","0269","Skelly_0269","","","","Відчув усі три кінці цього списа, дружбан!","","",""
"Integrated","Skelly_","0270","Skelly_0270","","","","Гей, а цей постріл відчувається якось по іншому!","","",""
"Integrated","Skelly_","0271","Skelly_0271","","","","Ти порався з тією стрілялкою, дружбан?","","",""
"Integrated","Skelly_","0272","Skelly_0272","","","","Ух, глянеш до цього, хлопако, зліва од мене?","","",""
"Integrated","Skelly_","0273","Skelly_0273","","","","Ти глянь шо вони зробили з твоїм рожевим вікном, дружбан!!","","",""
"Integrated","Skelly_","0275","Skelly_0275","","","","Гей, Пакт загорівся, мабуть, ти щось зробив!","","",""
"Integrated","Skelly_","0278","Skelly_0278","","","","Шось забув, чи як?","","",""
"Integrated","Skelly_","0279","Skelly_0279","","","","Шо там, хлопако?","","",""
"Integrated","Skelly_","0280","Skelly_0280","","","","Вже попрощалися, дружбан.","","",""
"Integrated","Skelly_","0281","Skelly_0281","","","","Хочеш попрактикуватися, дружбан?","","",""
"Integrated","Skelly_","0282","Skelly_0282","","","","Просто йди, дружбан. У тебе все вийде.","","",""
"Integrated","Skelly_","0283","Skelly_0283","","","","Давай, хлопако, забирайся звідси.","","",""
"Integrated","Skelly_","0284","Skelly_0284","","","","Не звертай на мене уваги, хлопако.","","",""
"Integrated","Skelly_","0285","Skelly_0285","","","","Хочеш якусь іншу відвальну зброю, чи як?","","",""
"Integrated","Skelly_","0286","Skelly_0286","","","","Шо тобі треба, дружбан?","","",""
"Integrated","Skelly_","0287","Skelly_0287","","","","Ше не готовий, чи як?","","",""
"Integrated","Skelly_","0288","Skelly_0288","","","","Будеш користуватися цим, ее?","","",""
"Integrated","Skelly_","0289","Skelly_0289","","","","Прийшов на розминку з цим?","","",""
"Integrated","Skelly_","0290","Skelly_0290","","","","Я б цю теж обрав.","","",""
"Integrated","Skelly_","0291","Skelly_0291","","","","Можу посперечатися що ти мене цим не вдариш, дружбан.","","",""
"Integrated","Skelly_","0292","Skelly_0292","","","","Ця штука, га...","","",""
"Integrated","Skelly_","0293","Skelly_0293","","","","Напевно настав час трохи з цією штукою попрацювати.","","",""
"Integrated","Skelly_","0294","Skelly_0294","","","","Ти з цим акуратніше, хлопако.","","",""
"Integrated","Skelly_","0295","Skelly_0295","","","","Твоя колода для рубки прямо тут, дружбан.","","",""
"Integrated","Skelly_","0296","Skelly_0296","","","","Трохи порубаємось, га.","","",""
"Integrated","Skelly_","0297","Skelly_0297","","","","Заліпи мені, хлопако, давай!","","",""
"Integrated","Skelly_","0298","Skelly_0298","","","","Обережніше з ребрами з цією штукою, добре?","","",""
"Integrated","Skelly_","0299","Skelly_0299","","","","Давай, заціди мені цією штукою, якщо хочеш.","","",""
"Integrated","Skelly_","0300","Skelly_0300","","","","Я досі не петраю, шо це мало би бути.","","",""
"Integrated","Skelly_","0301","Skelly_0301","","","","Запусти у мене стрілу, прямісінько в око!","","",""
"Integrated","Skelly_","0302","Skelly_0302","","","","Ти просто практикуєшся, чи шо?","","",""
"Integrated","Skelly_","0303","Skelly_0303","","","","Ну, хлопако, стрельни в мене, не жмися!","","",""
"Integrated","Skelly_","0304","Skelly_0304","","","","Як щодо того, щоб влупити мені як слід!","","",""
"Integrated","Skelly_","0305","Skelly_0305","","","","Можу посперечатися, що ти не зможеш в мене попасти звідти.","","",""
"Integrated","Skelly_","0306","Skelly_0306","","","","Гей, дружбан, аа, хотів з тобою побалакати...","","",""
"Integrated","Skelly_","0312","Skelly_0312","","","","Це ж він... клинок... ти мусиш мені заліпити цією штукою.","","",""
"Integrated","Skelly_","0313","Skelly_0313","","","","Так, не зупиняйся!!","","",""
"Integrated","Skelly_","0314","Skelly_0314","","","","Нарешті... я... вільний... хлопако...","","",""
"Integrated","Skelly_","0315","Skelly_0315","","","","АА, хахахаха, ву-ху-ху!","","",""
"Integrated","Skelly_","0320","Skelly_0320","","","","Хах!! Ні!","","",""
"Integrated","Skelly_","0321","Skelly_0321","","","","Шо це за катавасія?","","",""
"Integrated","Skelly_","0322","Skelly_0322","","","","Ну ж бо, йолопе, напади на когось свого розміру!","","",""
"Integrated","Skelly_","0323","Skelly_0323","","","","Ці йолопи тобі заважають, дружбан?","","",""
"Integrated","Skelly_","0324","Skelly_0324","","","","Ніхто не зачіпає мого дружбана!","","",""
"Integrated","Skelly_","0325","Skelly_0325","","","","Гей, як ви почуваєтеся, народ?","","",""
"Integrated","Skelly_","0326","Skelly_0326","","","","Вааааааааа, я важлива ціль!!","","",""
"Integrated","Skelly_","0327","Skelly_0327","","","","Той хто мене уб'є, отримає серйозне підвищення!","","",""
"Integrated","Skelly_","0328","Skelly_0328","","","","Ах, хлопако, тут повний безлад!","","",""
"Integrated","Skelly_","0329","Skelly_0329","","","","Воу, непогане місце шоб постояти!","","",""
"Integrated","Skelly_","0330","Skelly_0330","","","","Прийшов як тільки зміг, дружбан!","","",""
"Integrated","Skelly_","0331","Skelly_0331","","","","Я захищу тебе, дружбан!","","",""
"Integrated","Skelly_","0332","Skelly_0332","","","","Хах, купка йолопів!!","","",""
"Integrated","Skelly_","0333","Skelly_0333","","","","Гляньте-но на всіх цих хлопців, підходьте!","","",""
"Integrated","Skelly_","0334","Skelly_0334","","","","Гей йолопе, погляньмо на що ти здатний!","","",""
"Integrated","Skelly_","0335","Skelly_0335","","","","Шо я пропустив, шось цікаве?","","",""
"Integrated","Skelly_","0336","Skelly_0336","","","","Час стояти та нічого не робити!","","",""
"Integrated","Skelly_","0337","Skelly_0337","","","","Вам йолопам знадобилася би практика!","","",""
"Integrated","Skelly_","0338","Skelly_0338","","","","Зачіпаєте мого дружбана, зачіпаєте мене!","","",""
"Integrated","Skelly_","0339","Skelly_0339","","","","Я їх затримаю, хлопако, а ти їх лупи!","","",""
"Integrated","Skelly_","0340","Skelly_0340","","","","Лиши мене хлопако! Рятуйси!","","",""
"Integrated","Skelly_","0341","Skelly_0341","","","","Я тебе прикрию, дружбан!","","",""
"Integrated","Skelly_","0342","Skelly_0342","","","","Ах, чорт забирай!","","",""
"Integrated","Skelly_","0343","Skelly_0343","","","","Ах, трясця!","","",""
"Integrated","Skelly_","0344","Skelly_0344","","","","Гааа!","","",""
"Integrated","Skelly_","0345","Skelly_0345","","","","Шооо?","","",""
"Integrated","Skelly_","0346","Skelly_0346","","","","Бларгх!","","",""
"Integrated","Skelly_","0347","Skelly_0347","","","","Мені глина!","","",""
"Integrated","Skelly_","0348","Skelly_0348","","","","Я усьо!","","",""
"Integrated","Skelly_","0349","Skelly_0349","","","","Аа, дружбан?!","","",""
"Integrated","Skelly_","0350","Skelly_0350","","","","Ну, якось незручно.","","",""
"Integrated","Skelly_","0351","Skelly_0351","","","","Гей, файно.","","",""
"Integrated","Skelly_","0352","Skelly_0352","","","","Ти це зробив!","","",""
"Integrated","Skelly_","0353","Skelly_0353","","","","Гарна робота, дружбан.","","",""
"Integrated","Skelly_","0354","Skelly_0354","","","","Ну, мою роботу тут завершено.","","",""
"Integrated","Skelly_","0355","Skelly_0355","","","","Ти їм показав, дружбан!","","",""
"Integrated","Skelly_","0356","Skelly_0356","","","","Ну, на цьому все.","","",""
"Integrated","Skelly_","0357","Skelly_0357","","","","Готово і зроблено!","","",""
"Integrated","Skelly_","0358","Skelly_0358","","","","Ну, побачимось!","","",""
"Integrated","Skelly_","0359","Skelly_0359","","","","Ну, краще піти!","","",""
"Integrated","Skelly_","0360","Skelly_0360","","","","Гей, гей, шо несеться?","","",""
"Integrated","Skelly_","0361","Skelly_0361","","","","Ти тільки-но глянь на розмір цієї штуки!","","",""
"Integrated","Skelly_","0362","Skelly_0362","","","","Гей, крутелику, сюди!","","",""
"Integrated","Skelly_","0363","Skelly_0363","","","","Га, це шо Тесей?!","","",""
"Integrated","Skelly_","0364","Skelly_0364","","","","Гей Танатос, я твій великий фанат!","","",""
"Integrated","Skelly_","0365","Skelly_0365","","","","Аа, ей, аа... ей!","","",""
"Integrated","Skelly_","0366","Skelly_0366","","","","Тре поміч знову, хлопако?","","",""
"Integrated","Skelly_","0368","Skelly_0368","","","","Саме так, дружбан, це воно!","","",""
"Integrated","Skelly_","0372","Skelly_0372","","","","Тебе хтось чіпає, хлопако?!","","",""
"Integrated","Skelly_","0373","Skelly_0373","","","","Потрібен скелет щоб постояти?","","",""
"Integrated","Skelly_","0374","Skelly_0374","","","","Буду за пару секунд, дружбан!","","",""
"Integrated","Skelly_","0375","Skelly_0375","","","","Прийшов на допомогу, хлопако!","","",""
"Integrated","Skelly_","0376","Skelly_0376","","","","Чую тебе, дружбан, тримайся!","","",""
"Integrated","Skelly_","0377","Skelly_0377","","","","Кликав, хлопако?","","",""
"Integrated","Skelly_","0378","Skelly_0378","","","","Ей ей, шо несеться?","","",""
"Integrated","Skelly_","0379","Skelly_0379","","","","Дякую шо покликав, дружбан!","","",""
"Integrated","Skelly_","0380","Skelly_0380","","","","Час отримати на горіхи!","","",""
"Integrated","Skelly_","0381","Skelly_0381","","","","Двічі можеш не повторювати!","","",""
"Integrated","Skelly_","0382","Skelly_0382","","","","Я повернувся, шо я пропустив?","","",""
"Integrated","Skelly_","0383","Skelly_0383","","","","Треба ше шось від мене?","","",""
"Integrated","Skelly_","0384","Skelly_0384","","","","О, зараз я повернусь!","","",""
"Integrated","Skelly_","0385","Skelly_0385","","","","За секунду повернуся!","","",""
"Integrated","Skelly_","0386","Skelly_0386","","","","Кличеш знов, хлопако?","","",""
"Integrated","Skelly_","0387","Skelly_0387","","","","Воу, тут шалена спека!","","",""
"Integrated","Skelly_","0388","Skelly_0388","","","","Гей, глянь на всю цю магму!","","",""
"Integrated","Skelly_","0389","Skelly_0389","","","","А тут нічого так!","","",""
"Integrated","Skelly_","0390","Skelly_0390","","","","Воу, глянь-но на все це!","","",""
"Integrated","Skelly_","0391","Skelly_0391","","","","Гей, шикарне місце!","","",""
"Integrated","Skelly_","0392","Skelly_0392","","","","Воу, та це місце смітник!","","",""
"Integrated","Skelly_","0393","Skelly_0393","","","","Повітрю тут якесь дивне!","","",""
"Integrated","Skelly_","0394","Skelly_0394","","","","Твоя мама давить оливкову олію!","","",""
"Integrated","Skelly_","0395","Skelly_0395","","","","Гей, вибери когось мого розміру!","","",""
"Integrated","Skelly_","0396","Skelly_0396","","","","Думаєш зможеш зламати ці кістки?","","",""
"Integrated","Skelly_","0397","Skelly_0397","","","","Ме-ме підійди та візьмися за мене!","","",""
"Integrated","Skelly_","0398","Skelly_0398","","","","Ня, підійди та візьмися за мене, і все таке!","","",""
"Integrated","Skelly_","0399","Skelly_0399","","","","Сподіваюся що я не вмру, і не загублю усю цю коштовну здобич!","","",""
"Integrated","Skelly_","0400","Skelly_0400","","","","У тебе духу забракне!!","","",""
"Integrated","Skelly_","0401","Skelly_0401","","","","Гей, можна хвилинку вашої уваги?","","",""
"Integrated","Skelly_","0402","Skelly_0402","","","","Не хотів заважати!!","","",""
"Integrated","Skelly_","0403","Skelly_0403","","","","Давайте, йолопи, нападайте!","","",""
"Integrated","Skelly_","0404","Skelly_0404","","","","Я тут, вбийте мене, ви йолопи!","","",""
"Integrated","Skelly_","0405","Skelly_0405","","","","Ну ж бо, вбийте мене, телепні!","","",""
"Integrated","Skelly_","0406","Skelly_0406","","","","Ну ж бо! Візьміться за мене вже нарешті!","","",""
"Integrated","Skelly_","0407","Skelly_0407","","","","Ну ж бо, вбий мене!","","",""
"Integrated","Skelly_","0408","Skelly_0408","","","","Ну ж бо, вбий мене, я тут!!","","",""
"Integrated","Skelly_","0409","Skelly_0409","","","","Вбий мене, я тут!","","",""
"Integrated","Skelly_","0410","Skelly_0410","","","","Ну ж бо, зроби це, вбий мене!!","","",""
"Integrated","Skelly_","0411","Skelly_0411","","","","Шо сталося, боїшся?!","","",""
"Integrated","Skelly_","0412","Skelly_0412","","","","Відірвете від мене шматок, народ?!","","",""
"Integrated","Skelly_","0413","Skelly_0413","","","","Давайте, йолопи, покажіть на що здатні!","","",""
"Integrated","Skelly_","0414","Skelly_0414","","","","Гей йолопи, я тут!","","",""
"Integrated","Skelly_","0415","Skelly_0415","","","","О, а у нас тут серйозні йолопи!","","",""
"Integrated","Skelly_","0416","Skelly_0416","","","","З вигляду, ці хлопці не такі вже й круті!","","",""
"Integrated","Skelly_","0417","Skelly_0417","","","","Оо, я можу тримати удар!!","","",""
"Integrated","Skelly_","0418","Skelly_0418","","","","Підходь, заліпи мені щосили!!","","",""
"Integrated","Skelly_","0419","Skelly_0419","","","","Вам не взяти мене живим!!","","",""
"Integrated","Skelly_","0420","Skelly_0420","","","","Хах!","","",""
"Integrated","Skelly_","0421","Skelly_0421","","","","Так, це воно!","","",""
"Integrated","Skelly_","0422","Skelly_0422","","","","А шо якшо я буду молити про милість, га?","","",""
"Integrated","Skelly_","0423","Skelly_0423","","","","Ах, ні, продовжуй мене бити!","","",""
"Integrated","Skelly_","0424","Skelly_0424","","","","Цей біль, неможливо описати!","","",""
"Integrated","Skelly_","0425","Skelly_0425","","","","Не боляче.","","",""
"Integrated","Skelly_","0426","Skelly_0426","","","","Не боляче!!","","",""
"Integrated","Skelly_","0427","Skelly_0427","","","","Нічого не відчув, вибач!","","",""
"Integrated","Skelly_","0428","Skelly_0428","","","","Слабак!!","","",""
"Integrated","Skelly_","0429","Skelly_0429","","","","Нє, це ще нічого.","","",""
"Integrated","Skelly_","0430","Skelly_0430","","","","Пффф, навіть я міг би вдарити сильніше!","","",""
"Integrated","Skelly_","0431","Skelly_0431","","","","Це по твоєму удар?","","",""
"Integrated","Skelly_","0432","Skelly_0432","","","","Ох, прошу.","","",""
"Integrated","Skelly_","0433","Skelly_0433","","","","Нєа, не відчув нічого!","","",""
"Integrated","Skelly_","0434","Skelly_0434","","","","Трясця, мушу йти!","","",""
"Integrated","Skelly_","0435","Skelly_0435","","","","Мені не протриматись, хлопако!","","",""
"Integrated","Skelly_","0436","Skelly_0436","","","","Помстися за мене, дружбан!!","","",""
"Integrated","Skelly_","0437","Skelly_0437","","","","У тебе вийде, хлопако, вперед...!","","",""
"Integrated","Skelly_","0438","Skelly_0438","","","","Ви, йолопи, заплатите за це!","","",""
"Integrated","Skelly_","0439","Skelly_0439","","","","Клянуся, я буду відомщений!!","","",""
"Integrated","Skelly_","0440","Skelly_0440","","","","Ви ще про мене почуєте!!","","",""
"Integrated","Skelly_","0441","Skelly_0441","","","","Агх, просто пощастило!","","",""
"Integrated","Skelly_","0442","Skelly_0442","","","","Уф, ну все, я вибув!","","",""
"Unused","Skelly_","0443","Skelly_0443","","","","Ей, піди-но глянь на той свій гострий спис, хлопако!","","",""
"Integrated","Skelly_","0444","Skelly_0444","","","","","","",""
"Integrated","Skelly_","0445","Skelly_0445","","","","","","",""
"Integrated","Skelly_","0446","Skelly_0446","","","","Воу, шо це бляха таке?","","",""
"Integrated","Skelly_","0447","Skelly_0447","","","","Відчувається більше як нарізання аніж коління!","","",""
"Integrated","Skelly_","0448","Skelly_0448","","","","Тоді побачимося.","","",""
"Integrated","Skelly_","0449","Skelly_0449","","","","Я тут трохи зависну.","","",""
"Integrated","Skelly_","0450","Skelly_0450","","","","Бувай, дружбан!","","",""
"Integrated","Skelly_","0451","Skelly_0451","","","","Бувай, хлопако.","","",""
"Integrated","Skelly_","0452","Skelly_0452","","","","Радий прислужитися!","","",""
"Integrated","Skelly_","0453","Skelly_0453","","","","Ну, ее... це сталося.","","",""
"Integrated","Skelly_","0454","Skelly_0454","","","","Я, аа, Я просто тут постою.","","",""
"Integrated","Skelly_","0459","Skelly_0459","","","","Воу, оце лаписька!","","",""
"Integrated","Skelly_","0460","Skelly_0460","","","","Шо, заліпиш мені, дружбан?","","",""
"Integrated","Skelly_","0461","Skelly_0461","","","","Тобі подобаються ці рукавиці, га?","","",""
"Integrated","Skelly_","0458","Skelly_0458","","","","Гей, а, там для тебе шось є, дружбан!","","",""
"Integrated","Skelly_","0459","Skelly_0459","","","","Воу, оце лаписька!","","",""
"Integrated","Skelly_","0460","Skelly_0460","","","","Шо, заліпиш мені, дружбан?","","",""
"Integrated","Skelly_","0461","Skelly_0461","","","","Тобі подобаються ці рукавиці, га?","","",""
"Integrated","Skelly_","0462","Skelly_0462","","","","Так, вліпи мені щосили!","","",""
"Integrated","Skelly_","0463","Skelly_0463","","","","Так, покажи-но свої кулачища!","","",""
"Integrated","Skelly_","0464","Skelly_0464","","","","Наваляй мені, хлопако!","","",""
"Integrated","Skelly_","0466","Skelly_0466","","","","Воуу, нічогенький такий меч!","","",""
"Integrated","Skelly_","0467","Skelly_0467","","","","Хох, а у тебе там блискучий лук!","","",""
"Integrated","Skelly_","0468","Skelly_0468","","","","Йууу, нічогенько так теплом віддає!","","",""
"Integrated","Skelly_","0469","Skelly_0469","","","","Хуух, оце я називаю зловити стрілу!","","",""
"Integrated","Skelly_","0470","Skelly_0470","","","","Твоя тареля, шо ти зробив?","","",""
"Integrated","Skelly_","0471","Skelly_0471","","","","О, так, те що треба!","","",""
"Integrated","Skelly_","0472","Skelly_0472","","","","О, а цієї стрілялки я не впізнаю.","","",""
"Integrated","Skelly_","0473","Skelly_0473","","","","Ооо, непогано так припікає від цієї штуки!","","",""
"Integrated","Skelly_","0480","Skelly_0480","","","","Хахаха, звичайно!","","",""
"Integrated","Skelly_","0500","Skelly_0500","","","","Якби ти це зробив, дружбан, мене б тут зараз не було!","","",""
"Integrated","Skelly_","0504","Skelly_0504","","","","Оу, хахаха, а мені подобаються!","","",""
"Integrated","Skelly_","0505","Skelly_0505","","","","Ага!","","",""
"Integrated","Skelly_","0506","Skelly_0506","","","","Здоров.","","",""
"Integrated","Skelly_","0507","Skelly_0507","","","","Гей, дружбан.","","",""
"Integrated","Skelly_","0508","Skelly_0508","","","","Хлопако.","","",""
"Integrated","Skelly_","0509","Skelly_0509","","","","Хлопако!","","",""
"Integrated","Skelly_","0510","Skelly_0510","","","","Гей.","","",""
"Integrated","Skelly_","0511","Skelly_0511","","","","Ось ти де.","","",""
"Integrated","Skelly_","0512","Skelly_0512","","","","Так і знав.","","",""
"Integrated","Skelly_","0513","Skelly_0513","","","","Повернувся, хех.","","",""
"Integrated","Skelly_","0514","Skelly_0514","","","","Попрактикуєшся?","","",""
"Integrated","Skelly_","0515","Skelly_0515","","","","Нарешті!","","",""
"Integrated","Skelly_","0526","Skelly_0526","","","","Ага, ні, так точно не піде.","","",""
"Integrated","Skelly_","0530","Skelly_0530","","","","Ага. А тепер погнали!","","",""
"Integrated","Skelly_","0531","Skelly_0531","","","","Я почуваюся точно так само.","","",""
"Integrated","Skelly_","0532","Skelly_0532","","","","Ніяк не звикну до того, наскільки вони великі!","","",""
"Integrated","Skelly_","0533","Skelly_0533","","","","Гостре у тебе око.","","",""
"Integrated","Skelly_","0534","Skelly_0534","","","","Сам ніяк не натішуся.","","",""
"Integrated","Skelly_","0539","Skelly_0539","","","Argh.","Хахаха.","","",""
"Integrated","Skelly_","0548","Skelly_0548","Hit by Giglamesh  Aspect","Impressed","","Уфф, прямо в щелепу, я це відчув!","","",""
"Integrated","Skelly_","0549","Skelly_0549","Tisiphone lights out","","","Гей, хто вимкнув світло?!","","",""
"Integrated","Skelly_","0550","Skelly_0550","Keepsake Summon - Vs. Furies","","","Гей, гей, шо несеться?","","",""
"Integrated","Skelly_","0551","Skelly_0551","","","","Привітулі, пані!","","",""
"Integrated","Skelly_","0552","Skelly_0552","","","","Тримай той батіг подалі від мого дружбана!","","",""
"Integrated","Skelly_","0553","Skelly_0553","","","","Ну, і шо між вами обома відбувається?","","",""
"Integrated","Skelly_","0554","Skelly_0554","Keepsake Summon - Vs. Hydra","","","Гей ти, дурило, сюди!","","",""
"Integrated","Skelly_","0555","Skelly_0555","","","","Гей, Кістячку, хочеш трошки цього?!","","",""
"Integrated","Skelly_","0556","Skelly_0556","","""Oh crap!""","","Нашо мене втягувати в це, дружбан?!","","",""
"Integrated","Skelly_","0557","Skelly_0557","","Impressed by the hydra's physique","","А у цієї штуки непогані кісточки!","","",""
"Integrated","Skelly_","0558","Skelly_0558","Keepsake Summon - Vs. Minotaur","","","Гей, бичку, шо стряслося?","","",""
"Integrated","Skelly_","0559","Skelly_0559","","Faux concern","","Ооо, рятуйте, в нього подвійна сокира!","","",""
"Integrated","Skelly_","0560","Skelly_0560","","Like he's flipping him off","","Напади на це, бичку!","","",""
"Integrated","Skelly_","0561","Skelly_0561","","From his Schelemeus days","","Пам'ятаєш мене, бичок?!","","",""
"Integrated","Skelly_","0562","Skelly_0562","Keepsake Summon - Vs. Theseus","More mocking.","","Сам король Афін, хлопако, я такий наляканий!","","",""
"Integrated","Skelly_","0563","Skelly_0563","","Referring to having an audience (and we can make the crowd cheer)","","І натовп скаженіє!","","",""
"Integrated","Skelly_","0564","Skelly_0564","","","","Це для вас, тих хто сидить на дешевих місцях!","","",""
"Integrated","Skelly_","0565","Skelly_0565","","","","Виглядає шо я встиг на велику подію!","","",""
"Integrated","Skelly_","0566","Skelly_0566","Keepsake Summon - w/ Thanatos","Nodding her head at an associate.","","Гей, Танатосе, твій лютий фан тут!","","",""
"Integrated","Skelly_","0567","Skelly_0567","","","","Ого, це ж Танатос!","","",""
"Integrated","Skelly_","0568","Skelly_0568","","","","Оо, це той, Танатос!","","",""
"Integrated","Skelly_","0569","Skelly_0569","","","","Не вбивай мене, Танатосе!","","",""
"Integrated","Skelly_","0570","Skelly_0570","Keepsake Summon - Vs. Hades","","","Ух, напевно десь не там повернув!","","",""
"Integrated","Skelly_","0571","Skelly_0571","","","","Гей, ти шо аж там забув?","","",""
"Integrated","Skelly_","0572","Skelly_0572","","","","О, це ж Батя, ти попав, дружбан!","","",""
"Integrated","Skelly_","0573","Skelly_0573","","","","Я так думаю, це між вами з Батьою, дружбан!","","",""
"Integrated","Skelly_","0574","Skelly_0574","Persistent Taunting","Gag version of Zag's similar line.","","Ти мене поб'єш, а я продовжу повертатися!","","",""
"Integrated","Skelly_","0575","Skelly_0575","","","","Давай, заліпи мені, я тут!","","",""
"Integrated","Skelly_","0576","Skelly_0576","","","","Навіть не можеш вбити неозброєного скелета!","","",""
"Integrated","Skelly_","0577","Skelly_0577","","","","Як щодо нерухомої цілі, для різноманіття?","","",""
"Integrated","Skelly_","0578","Skelly_0578","","","","Хочеш шоб я посунувся, змусь мене!","","",""
"Integrated","Skelly_","0579","Skelly_0579","","","","Давай, вліпи мені щосили!","","",""
"Integrated","Skelly_","0580","Skelly_0580","","","","Ох, допоможи мені, хлопако, я такий наляканий!","","",""
"Integrated","Skelly_","0581","Skelly_0581","","Derisive laugh","","Ахахаха, будь ласка!","","",""
"Integrated","Skelly_","0582","Skelly_0582","","Laughing / hooting.","","Вуу, хухухуху!","","",""
"Integrated","Skelly_","0583","Skelly_0583","","Gag version of Zag's similar line.","","Ти знаєш, з ким маєш справу?","","",""
"Integrated","Skelly_","0584","Skelly_0584","Reaction to Giglamesh Aspect Unlock","","","Егх, а шо сталось з твоїми рукавицями, хлопако?","","",""
"Integrated","Skelly_","0585","Skelly_0585","","","","Нічого тут не бачу!","","",""
"Integrated","Skelly_","0586","Skelly_0586","","","","Гей, шо за?","","",""
"Integrated","Skelly_","0587","Skelly_0587","","","","Ах, знову це, хмм.","","",""
"Integrated","Skelly_","0588","Skelly_0588","","","","Я наляканий, тримай мене, хлопако!","","",""
"Integrated","Skelly_","0589","Skelly_0589","","","","А де всі пішли?","","",""
"Integrated","Skelly_","0590","Skelly_0590","","","","Ааааа!","","",""
"Integrated","Skelly_","0591","Skelly_0591","","","","Ах, ні, знов це!","","",""
"Integrated","Skelly_","0592","Skelly_0592","Dying Variety","Shakespearean","","Аа! Мене забили...!","","",""
"Integrated","Skelly_","0593","Skelly_0593","","","","Фаааайно....","","",""
"Integrated","Skelly_","0594","Skelly_0594","","","","Іііі, я помер.","","",""
"Integrated","Skelly_","0595","Skelly_0595","","Fake drama","","Прощавай... хлопако...","","",""
"Integrated","Skelly_","0596","Skelly_0596","","","","Аа, моє стегно!","","",""
"Integrated","Skelly_","0597","Skelly_0597","","Wincing, crink in his back","","Прям по хребцях!","","",""
"Integrated","Skelly_","0598","Skelly_0598","","","","Прям по черепушці!","","",""
"Integrated","Skelly_","0599","Skelly_0599","","","","Просто в таз, уфф!","","",""
"Integrated","Skelly_","0600","Skelly_0600","","","","Мені... ше рано... вмирати...","","",""
"Integrated","Skelly_","0601","Skelly_0601","","Fake pleading","","Я не хочу вмирати!","","",""
"Integrated","Skelly_","0602","Skelly_0602","Respawning Variety","Response to first death, punked you","","Ну короче...","","",""
"Integrated","Skelly_","0603","Skelly_0603","","pretty cheeky; he can't die","","Повернувся цілий та неушкоджений!","","",""
"Integrated","Skelly_","0604","Skelly_0604","","","","Як новенький!","","",""
"Integrated","Skelly_","0605","Skelly_0605","","","","Ніколи не почувався таким живим!","","",""
"Integrated","Skelly_","0606","Skelly_0606","","","","Шо-шо?","","",""
"Integrated","Skelly_","0607","Skelly_0607","","Like he's a powerful lich.","","Я знов живий, хлопако!","","",""
"Integrated","Skelly_","0608","Skelly_0608","","","","<Вдих> Я живий!!","","",""
"Integrated","Skelly_","0609","Skelly_0609","","","","Вся ця шкода мені ніпочому, дружбан!","","",""
