"Eurydice","ID","ID","ID","","","","Line","","Notes by AR","Notes by DK"
"Integrated","Lyric","1","EurydiceSong1_Eurydice_001","","","","{!Icons.Music}Бувай,{!Icons.Music}","","",""
"Integrated","Lyric","2","EurydiceSong1_Eurydice_002","","","","{!Icons.Music}Усе смертне життя!{!Icons.Music}","","",""
"Integrated","Lyric","3","EurydiceSong1_Eurydice_003","","","","{!Icons.Music}Ні ноші, {!Icons.Music}","","",""
"Integrated","Lyric","4","EurydiceSong1_Eurydice_004","","","","{!Icons.Music}Ні боргу на сплату тобі.{!Icons.Music}","","",""
"Integrated","Lyric","5","EurydiceSong1_Eurydice_005","","","","{!Icons.Music}Атлант,{!Icons.Music}","","",""
"Integrated","Lyric","6","EurydiceSong1_Eurydice_006","","","","{!Icons.Music}Вкладе свої древні кістки!{!Icons.Music}","","",""
"Integrated","Lyric","7","EurydiceSong1_Eurydice_007","","","","{!Icons.Music}Весь цей світ,{!Icons.Music}","","",""
"Integrated","Lyric","8","EurydiceSong1_Eurydice_008","","","","{!Icons.Music}Поглине пітьма,{!Icons.Music}","","",""
"Integrated","Lyric","9","EurydiceSong1_Eurydice_009","","","","{!Icons.Music}Та час.{!Icons.Music}","","",""
"Integrated","Lyric","10","EurydiceSong1_Eurydice_010","","","","{!Icons.Music}Кінець,{!Icons.Music}","","",""
"Integrated","Lyric","11","EurydiceSong1_Eurydice_011","","","","{!Icons.Music}Усім нашим планам в житті,{!Icons.Music}","","",""
"Integrated","Lyric","12","EurydiceSong1_Eurydice_012","","","","{!Icons.Music}Ні пактам,{!Icons.Music}","","",""
"Integrated","Lyric","13","EurydiceSong1_Eurydice_013","","","","{!Icons.Music}Я можу робити усе.{!Icons.Music}","","",""
"Integrated","Lyric","14","EurydiceSong1_Eurydice_014","","","","{!Icons.Music}Ні голоду,{!Icons.Music}","","",""
"Integrated","Lyric","15","EurydiceSong1_Eurydice_015","","","","{!Icons.Music}Ні сну окрім лиш мрій,{!Icons.Music}","","",""
"Integrated","Lyric","16","EurydiceSong1_Eurydice_016","","","","{!Icons.Music}Теплих та м'яких,{!Icons.Music}","","",""
"Integrated","Lyric","17","EurydiceSong1_Eurydice_017","","","","{!Icons.Music}Що захистять,{!Icons.Music}","","",""
"Integrated","Lyric","18","EurydiceSong1_Eurydice_018","","","","{!Icons.Music}Спокій.{!Icons.Music}","","",""
"Integrated","Lyric","19","EurydiceSong1_Eurydice_019","","","","{!Icons.Music}Геть звідси ви, шахраї{!Icons.Music}","","",""
"Integrated","Lyric","20","EurydiceSong1_Eurydice_020","","","","{!Icons.Music}Ви, телепні, що гнітять мене.{!Icons.Music}","","",""
"Integrated","Lyric","21","EurydiceSong1_Eurydice_021","","","","{!Icons.Music}Вони прийшли, та зникли всі,{!Icons.Music}","","",""
"Integrated","Lyric","22","EurydiceSong1_Eurydice_022","","","","{!Icons.Music}Геть звідси, ви усі.{!Icons.Music}","","",""
"Integrated","Lyric","23","EurydiceSong1_Eurydice_023","","","","{!Icons.Music}Бувай,{!Icons.Music}","","",""
"Integrated","Lyric","24","EurydiceSong1_Eurydice_024","","","","{!Icons.Music}Усе смертне життя!{!Icons.Music}","","",""
"Integrated","Lyric","25","EurydiceSong1_Eurydice_025","","","","{!Icons.Music}Ні ноші, {!Icons.Music}","","",""
"Integrated","Lyric","26","EurydiceSong1_Eurydice_026","","","","{!Icons.Music}Ні боргу на сплату тобі.{!Icons.Music}","","",""
"Integrated","Lyric","27","EurydiceSong1_Eurydice_027","","","","{!Icons.Music}Атлант,{!Icons.Music}","","",""
"Integrated","Lyric","28","EurydiceSong1_Eurydice_028","","","","{!Icons.Music}Вкладе свої древні кістки!{!Icons.Music}","","",""
"Integrated","Lyric","29","EurydiceSong1_Eurydice_029","","","","{!Icons.Music}Весь цей світ,{!Icons.Music}","","",""
"Integrated","Lyric","30","EurydiceSong1_Eurydice_030","","","","{!Icons.Music}Поглине пітьма,{!Icons.Music}","","",""
"Integrated","Lyric","31","EurydiceSong1_Eurydice_031","","","","{!Icons.Music}Та час.{!Icons.Music}","","",""
"Integrated","Lyric","32","HideLyrics","","","","","","",""
"Integrated","Lyric","33","EurydiceSong1_Orpheus_001","","","","{!Icons.Music}Бувай,{!Icons.Music}","","",""
"Integrated","Lyric","34","EurydiceSong1_Orpheus_002","","","","{!Icons.Music}Усе смертне життя!{!Icons.Music}","","",""
"Integrated","Lyric","35","EurydiceSong1_Orpheus_003","","","","{!Icons.Music}Ні ноші, {!Icons.Music}","","",""
"Integrated","Lyric","36","EurydiceSong1_Orpheus_004","","","","{!Icons.Music}Ні боргу на сплату тобі.{!Icons.Music}","","",""
"Integrated","Lyric","37","EurydiceSong1_Orpheus_005","","","","{!Icons.Music}Атлант,{!Icons.Music}","","",""
"Integrated","Lyric","38","EurydiceSong1_Orpheus_006","","","","{!Icons.Music}Вкладе свої древні кістки!{!Icons.Music}","","",""
"Integrated","Lyric","39","EurydiceSong1_Orpheus_007","","","","{!Icons.Music}Весь цей світ,{!Icons.Music}","","",""
"Integrated","Lyric","40","EurydiceSong1_Orpheus_008","","","","{!Icons.Music}Поглине пітьма,{!Icons.Music}","","",""
"Integrated","Lyric","41","EurydiceSong1_Orpheus_009","","","","{!Icons.Music}Та час.{!Icons.Music}","","",""
"Integrated","Lyric","42","EurydiceSong1_Orpheus_010","","","","{!Icons.Music}Кінець,{!Icons.Music}","","",""
"Integrated","Lyric","43","EurydiceSong1_Orpheus_011","","","","{!Icons.Music}Усім нашим планам в житті,{!Icons.Music}","","",""
"Integrated","Lyric","44","EurydiceSong1_Orpheus_012","","","","{!Icons.Music}Ні пактам,{!Icons.Music}","","",""
"Integrated","Lyric","45","EurydiceSong1_Orpheus_013","","","","{!Icons.Music}Я можу робити усе.{!Icons.Music}","","",""
"Integrated","Lyric","46","EurydiceSong1_Orpheus_014","","","","{!Icons.Music}Ні голоду,{!Icons.Music}","","",""
"Integrated","Lyric","47","EurydiceSong1_Orpheus_015","","","","{!Icons.Music}Ні сну окрім лиш мрій,{!Icons.Music}","","",""
"Integrated","Lyric","48","EurydiceSong1_Orpheus_016","","","","{!Icons.Music}Теплих та м'яких,{!Icons.Music}","","",""
"Integrated","Lyric","49","EurydiceSong1_Orpheus_017","","","","{!Icons.Music}Що захистять,{!Icons.Music}","","",""
"Integrated","Lyric","50","EurydiceSong1_Orpheus_018","","","","{!Icons.Music}Спокій.{!Icons.Music}","","",""
"Integrated","Lyric","51","EurydiceSong1_Orpheus_019","","","","{!Icons.Music}Геть звідси ви, шахраї{!Icons.Music}","","",""
"Integrated","Lyric","52","EurydiceSong1_Orpheus_020","","","","{!Icons.Music}Ви, телепні, що гнітять мене.{!Icons.Music}","","",""
"Integrated","Lyric","53","EurydiceSong1_Orpheus_021","","","","{!Icons.Music}Вони прийшли, та зникли всі,{!Icons.Music}","","",""
"Integrated","Lyric","54","EurydiceSong1_Orpheus_022","","","","{!Icons.Music}Геть звідси, ви усі.{!Icons.Music}","","",""
"Integrated","Lyric","55","EurydiceSong1_Orpheus_023","","","","{!Icons.Music}Бувай,{!Icons.Music}","","",""
"Integrated","Lyric","56","EurydiceSong1_Orpheus_024","","","","{!Icons.Music}Усе смертне життя!{!Icons.Music}","","",""
"Integrated","Lyric","57","EurydiceSong1_Orpheus_025","","","","{!Icons.Music}Ні ноші, {!Icons.Music}","","",""
"Integrated","Lyric","58","EurydiceSong1_Orpheus_026","","","","{!Icons.Music}Ні боргу на сплату тобі.{!Icons.Music}","","",""
"Integrated","Lyric","59","EurydiceSong1_Orpheus_027","","","","{!Icons.Music}Атлант,{!Icons.Music}","","",""
"Integrated","Lyric","60","EurydiceSong1_Orpheus_028","","","","{!Icons.Music}Вкладе свої древні кістки!{!Icons.Music}","","",""
"Integrated","Lyric","61","EurydiceSong1_Orpheus_029","","","","{!Icons.Music}Весь цей світ,{!Icons.Music}","","",""
"Integrated","Lyric","62","EurydiceSong1_Orpheus_030","","","","{!Icons.Music}Поглине пітьма,{!Icons.Music}","","",""
"Integrated","Lyric","63","EurydiceSong1_Orpheus_031","","","","{!Icons.Music}Та час.{!Icons.Music}","","",""
"Integrated","Lyric","64","EurydiceSong1_Orpheus_032","","","","","","",""
"Integrated","Lyric","65","EurydiceSong1_Orpheus_033","","","","","","",""
"Integrated","Lyric","66","EurydiceSong1_Orpheus_034","","","","","","",""
"Integrated","Lyric","67","EurydiceSong1_Orpheus_035","","","","","","",""
"Integrated","Lyric","68","","","","","","","",""
"Integrated","Lyric","69","EurydiceSong1_Duet_001","","","","{!Icons.Music}Бувай,{!Icons.Music}","","",""
"Integrated","Lyric","70","EurydiceSong1_Duet_002","","","","{!Icons.Music}Усе смертне життя!{!Icons.Music}","","",""
"Integrated","Lyric","71","EurydiceSong1_Duet_003","","","","{!Icons.Music}Ні ноші, {!Icons.Music}","","",""
"Integrated","Lyric","72","EurydiceSong1_Duet_004","","","","{!Icons.Music}Ні боргу на сплату тобі.{!Icons.Music}","","",""
"Integrated","Lyric","73","EurydiceSong1_Duet_005","","","","{!Icons.Music}Атлант,{!Icons.Music}","","",""
"Integrated","Lyric","74","EurydiceSong1_Duet_006","","","","{!Icons.Music}Вкладе свої древні кістки!{!Icons.Music}","","",""
"Integrated","Lyric","75","EurydiceSong1_Duet_007","","","","{!Icons.Music}Весь цей світ,{!Icons.Music}","","",""
"Integrated","Lyric","76","EurydiceSong1_Duet_008","","","","{!Icons.Music}Поглине пітьма,{!Icons.Music}","","",""
"Integrated","Lyric","77","EurydiceSong1_Duet_009","","","","{!Icons.Music}Та час.{!Icons.Music}","","",""
"Integrated","Lyric","78","EurydiceSong1_Duet_010","","","","{!Icons.Music}Кінець,{!Icons.Music}","","",""
"Integrated","Lyric","79","EurydiceSong1_Duet_011","","","","{!Icons.Music}Усім нашим планам в житті,{!Icons.Music}","","",""
"Integrated","Lyric","80","EurydiceSong1_Duet_012","","","","{!Icons.Music}Ні пактам,{!Icons.Music}","","",""
"Integrated","Lyric","81","EurydiceSong1_Duet_013","","","","{!Icons.Music}Я можу робити усе.{!Icons.Music}","","",""
"Integrated","Lyric","82","EurydiceSong1_Duet_014","","","","{!Icons.Music}Ні голоду,{!Icons.Music}","","",""
"Integrated","Lyric","83","EurydiceSong1_Duet_015","","","","{!Icons.Music}Ні сну окрім лиш мрій,{!Icons.Music}","","",""
"Integrated","Lyric","84","EurydiceSong1_Duet_016","","","","{!Icons.Music}Теплих та м'яких,{!Icons.Music}","","",""
"Integrated","Lyric","85","EurydiceSong1_Duet_017","","","","{!Icons.Music}Що захистять,{!Icons.Music}","","",""
"Integrated","Lyric","86","EurydiceSong1_Duet_018","","","","{!Icons.Music}Спокій.{!Icons.Music}","","",""
"Integrated","Lyric","87","EurydiceSong1_Duet_019","","","","{!Icons.Music}Геть звідси ви, шахраї{!Icons.Music}","","",""
"Integrated","Lyric","88","EurydiceSong1_Duet_020","","","","{!Icons.Music}Ви, телепні, що гнітять мене.{!Icons.Music}","","",""
"Integrated","Lyric","89","EurydiceSong1_Duet_021","","","","{!Icons.Music}Вони прийшли, та зникли всі,{!Icons.Music}","","",""
"Integrated","Lyric","90","EurydiceSong1_Duet_022","","","","{!Icons.Music}Геть звідси, ви усі.{!Icons.Music}","","",""
"Integrated","Lyric","91","EurydiceSong1_Duet_023","","","","{!Icons.Music}Бувай,{!Icons.Music}","","",""
"Integrated","Lyric","92","EurydiceSong1_Duet_024","","","","{!Icons.Music}Усе смертне життя!{!Icons.Music}","","",""
"Integrated","Lyric","93","EurydiceSong1_Duet_025","","","","{!Icons.Music}Ні ноші, {!Icons.Music}","","",""
"Integrated","Lyric","94","EurydiceSong1_Duet_026","","","","{!Icons.Music}Ні боргу на сплату тобі.{!Icons.Music}","","",""
"Integrated","Lyric","95","EurydiceSong1_Duet_027","","","","{!Icons.Music}Атлант,{!Icons.Music}","","",""
"Integrated","Lyric","96","EurydiceSong1_Duet_028","","","","{!Icons.Music}Вкладе свої древні кістки!{!Icons.Music}","","",""
"Integrated","Lyric","97","EurydiceSong1_Duet_029","","","","{!Icons.Music}Весь цей світ,{!Icons.Music}","","",""
"Integrated","Lyric","98","EurydiceSong1_Duet_030","","","","{!Icons.Music}Поглине пітьма,{!Icons.Music}","","",""
"Integrated","Lyric","99","EurydiceSong1_Duet_031","","","","{!Icons.Music}Та час.{!Icons.Music}","","",""
"Integrated","Lyric","100","EurydiceSong1_Duet_032","","","","","","",""
"Integrated","Lyric","101","EurydiceSong1_Duet_033","","","","","","",""
"Integrated","Lyric","102","EurydiceSong1_Duet_034","","","","","","",""
"Integrated","Lyric","103","EurydiceSong1_Duet_035","","","","","","",""
"Integrated","Lyric","104","","","","","","","",""
"Integrated","Lyric","105","OrpheusSong1VACOUSTIC_001","","","","{!Icons.Music}Я, боги, благаю вас,{!Icons.Music}","","",""
"Integrated","Lyric","106","OrpheusSong1VACOUSTIC_002","","","","{!Icons.Music}Щоб моя любов, прийшла хоч раз.{!Icons.Music}","","",""
"Integrated","Lyric","107","OrpheusSong1VACOUSTIC_003","","","","{!Icons.Music}Вона лежить, на моря дні,{!Icons.Music}","","",""
"Integrated","Lyric","108","OrpheusSong1VACOUSTIC_004","","","","{!Icons.Music}Ні дня спокою, наче якір мені.{!Icons.Music}","","",""
"Integrated","Lyric","109","OrpheusSong1VACOUSTIC_005","","","","{!Icons.Music}Повісьте її зашморг на шию мою,{!Icons.Music}","","",""
"Integrated","Lyric","110","OrpheusSong1VACOUSTIC_006","","","","{!Icons.Music}Щоб вона плила, на свободу свою.{!Icons.Music}","","",""
"Integrated","Lyric","111","OrpheusSong1VACOUSTIC_007","","","","{!Icons.Music}Не,{!Icons.Music}","","",""
"Integrated","Lyric","112","OrpheusSong1VACOUSTIC_008","","","","{!Icons.Music}Не дивись.{!Icons.Music}","","",""
"Integrated","Lyric","113","OrpheusSong1VACOUSTIC_009","","","","{!Icons.Music}Близько так, цього світла ковток,{!Icons.Music}","","",""
"Integrated","Lyric","114","OrpheusSong1VACOUSTIC_010","","","","{!Icons.Music}Мій розум зв'язав, підозри порок.{!Icons.Music}","","",""
"Integrated","Lyric","115","OrpheusSong1VACOUSTIC_011","","","","{!Icons.Music}Образ корми, згинув вмить на зорі,{!Icons.Music}","","",""
"Integrated","Lyric","116","OrpheusSong1VACOUSTIC_012","","","","{!Icons.Music}Ця змучена тінь, буде снитись мені.{!Icons.Music}","","",""
"Integrated","Lyric","117","OrpheusSong1VACOUSTIC_013","","","","{!Icons.Music}Завжди{!Icons.Music}","","",""
"Integrated","Lyric","118","OrpheusSong1VACOUSTIC_014","","","","{!Icons.Music}Тиша{!Icons.Music}","","",""
"Integrated","Lyric","119","OrpheusSong1VACOUSTIC_015","","","","{!Icons.Music}Морів{!Icons.Music}","","",""
"Integrated","Lyric","120","OrpheusSong1VACOUSTIC_016","","","","{!Icons.Music}Захист від вітрів.{!Icons.Music}","","",""
"Integrated","Lyric","121","OrpheusSong1VACOUSTIC_017","","","","{!Icons.Music}Але ось шторм, вже знайшов нас!{!Icons.Music}","","",""
"Integrated","Lyric","122","OrpheusSong1VACOUSTIC_018","","","","{!Icons.Music}Ми тонемо…{!Icons.Music}","","",""
"Integrated","Lyric","123","OrpheusSong1VACOUSTIC_019","","","","{!Icons.Music}На дно…{!Icons.Music}","","",""
"Integrated","Lyric","124","OrpheusSong1VACOUSTIC_020","","","","{!Icons.Music}Не дивись.{!Icons.Music}","","",""
"Integrated","Lyric","125","OrpheusSong1VACOUSTIC_021","","","","{!Icons.Music}Не дивись.{!Icons.Music}","","",""
"Integrated","Lyric","126","OrpheusSong1VACOUSTIC_022","","","","{!Icons.Music}Не дивись.{!Icons.Music}","","",""
"Integrated","Lyric","127","OrpheusSong1VACOUSTIC_023","","","","{!Icons.Music}Не дивись.{!Icons.Music}","","",""
"Integrated","Lyric","128","OrpheusSong1VACOUSTIC_024","","","","{!Icons.Music}Не дивись.{!Icons.Music}","","",""
"Integrated","Lyric","129","OrpheusSong1VACOUSTIC_025","","","","","","",""
"Integrated","Lyric","130","OrpheusSong1VACOUSTIC_026","","","","","","",""
"Integrated","Lyric","131","OrpheusSong1VACOUSTIC_027","","","","","","",""
"Integrated","Lyric","132","OrpheusSong1VACOUSTIC_028","","","","","","",""
"Integrated","Lyric","133","OrpheusSong1VACOUSTIC_029","","","","","","",""
"Integrated","Lyric","134","OrpheusSong1VACOUSTIC_030","","","","","","",""
"Integrated","Lyric","135","OrpheusSong1VACOUSTIC_031","","","","","","",""
"Integrated","Lyric","136","OrpheusSong1VACOUSTIC_032","","","","","","",""
"Integrated","Lyric","137","OrpheusSong1VACOUSTIC_033","","","","","","",""
"Integrated","Lyric","138","","","","","","","",""
"Integrated","Lyric","139","OrpheusSong2_001","","","","{!Icons.Music}Співай, про Загрея, о музо,{!Icons.Music}","","",""
"Integrated","Lyric","140","OrpheusSong2_002","","","","{!Icons.Music}Про вбивцю гідр,{!Icons.Music}","","",""
"Integrated","Lyric","141","OrpheusSong2_003","","","","{!Icons.Music}Найсильнішого з всіх!{!Icons.Music}","","",""
"Integrated","Lyric","142","OrpheusSong2_004","","","","{!Icons.Music}Змієм породжений Зевсом,{!Icons.Music}","","",""
"Integrated","Lyric","143","OrpheusSong2_005","","","","{!Icons.Music}На зло волі Гери,{!Icons.Music}","","",""
"Integrated","Lyric","144","OrpheusSong2_006","","","","{!Icons.Music}Загрей вижити зміг!{!Icons.Music}","","",""
"Integrated","Lyric","145","OrpheusSong2_007","","","","{!Icons.Music}Його розірвали Титани,{!Icons.Music}","","",""
"Integrated","Lyric","146","OrpheusSong2_008","","","","{!Icons.Music}Зʼїли шматками, {!Icons.Music}","","",""
"Integrated","Lyric","147","OrpheusSong2_009","","","","{!Icons.Music}Все ж серце вберіг.{!Icons.Music}","","",""
"Integrated","Lyric","148","OrpheusSong2_010","","","","{!Icons.Music}Зерно, в Діоніса зросло,{!Icons.Music}","","",""
"Integrated","Lyric","149","OrpheusSong2_011","","","","{!Icons.Music}Бенкети з ними ще й вино.{!Icons.Music}","","",""
"Integrated","Lyric","150","OrpheusSong2_012","","","","{!Icons.Music}Живе,{!Icons.Music}","","",""
"Integrated","Lyric","151","OrpheusSong2_013","","","","{!Icons.Music}Вдома він на Олімпі,{!Icons.Music}","","",""
"Integrated","Lyric","152","OrpheusSong2_014","","","","{!Icons.Music}Без жодної гадки,{!Icons.Music}","","",""
"Integrated","Lyric","153","OrpheusSong2_015","","","","{!Icons.Music}Про своє буття.{!Icons.Music}","","",""
"Integrated","Lyric","154","OrpheusSong2_016","","","","{!Icons.Music}Лють, грому і блискавиці,{!Icons.Music}","","",""
"Integrated","Lyric","155","OrpheusSong2_017","","","","{!Icons.Music}Вбила Титанів,{!Icons.Music}","","",""
"Integrated","Lyric","156","OrpheusSong2_018","","","","{!Icons.Music}Стерла у пил.{!Icons.Music}","","",""
"Integrated","Lyric","157","OrpheusSong2_019","","","","{!Icons.Music}Із пилу повстали,{!Icons.Music}","","",""
"Integrated","Lyric","158","OrpheusSong2_020","","","","{!Icons.Music}Нащадки Титанів,{!Icons.Music}","","",""
"Integrated","Lyric","159","OrpheusSong2_021","","","","{!Icons.Music}Смертні прийшли.{!Icons.Music}","","",""
"Integrated","Lyric","160","OrpheusSong2_022","","","","{!Icons.Music}Життя, в подобі до богів,{!Icons.Music}","","",""
"Integrated","Lyric","161","OrpheusSong2_023","","","","{!Icons.Music}Святі та сповнені гріхів.{!Icons.Music}","","",""
"Integrated","Lyric","162","OrpheusSong2_024","","","","{!Icons.Music}В них є,{!Icons.Music}","","",""
"Integrated","Lyric","163","OrpheusSong2_025","","","","{!Icons.Music}Кров від безсмертних,{!Icons.Music}","","",""
"Integrated","Lyric","164","OrpheusSong2_026","","","","{!Icons.Music}Кончина Загрея,{!Icons.Music}","","",""
"Integrated","Lyric","165","OrpheusSong2_027","","","","{!Icons.Music}В їх жилах тече.{!Icons.Music}","","",""
"Integrated","Lyric","166","OrpheusSong2_028","","","","{!Icons.Music}Сам Принц,{!Icons.Music}","","",""
"Integrated","Lyric","167","OrpheusSong2_029","","","","{!Icons.Music}В оточені смертних він,{!Icons.Music}","","",""
"Integrated","Lyric","168","OrpheusSong2_030","","","","{!Icons.Music}В полоні підземних стін.{!Icons.Music}","","",""
"Integrated","Lyric","169","OrpheusSong2_031","","","","{!Icons.Music}Йому не втекти!{!Icons.Music}","","",""
"Integrated","Lyric","170","OrpheusSong2_032","","","","{!Icons.Music}Стійко,{!Icons.Music}","","",""
"Integrated","Lyric","171","OrpheusSong2_033","","","","{!Icons.Music}Нескінченно працює,{!Icons.Music}","","",""
"Integrated","Lyric","172","OrpheusSong2_034","","","","{!Icons.Music}Приречений він.{!Icons.Music}","","",""
"Integrated","Lyric","173","OrpheusSong2_035","","","","{!Icons.Music}Нескінченно працює,{!Icons.Music}","","",""
"Integrated","Lyric","174","OrpheusSong2_036","","","","{!Icons.Music}Приречений він.{!Icons.Music}","","",""
"Integrated","Lyric","175","","","","","","","",""
"Integrated","Lyric","176","EndTheme_001","","","","{#EurydiceSoloFormat}{!Icons.Music}Час,{!Icons.Music}","","",""
"Integrated","Lyric","178","EndTheme_002","","","","{#EurydiceSoloFormat}{!Icons.Music}Мойри плетуть,{!Icons.Music}","","",""
"Integrated","Lyric","179","EndTheme_003","","","","{#EurydiceSoloFormat}{!Icons.Music}Зшиті життя.{!Icons.Music}","","",""
"Integrated","Lyric","180","EndTheme_004","","","","{#OrpheusSoloFormat}{!Icons.Music}В нас{!Icons.Music}","","",""
"Integrated","Lyric","181","EndTheme_005","","","","{!Icons.Music}Є свій шлях,{!Icons.Music}","","",""
"Integrated","Lyric","182","EndTheme_006","","","","{!Icons.Music}У забуття!{!Icons.Music}","","",""
"Integrated","Lyric","183","EndTheme_007","","","","{!Icons.Music}Чуємо ми його, в кістках.{!Icons.Music}","","",""
"Integrated","Lyric","184","EndTheme_008","","","","{!Icons.Music}Це у крові.{!Icons.Music}","","",""
"Integrated","Lyric","185","EndTheme_009","","","","{!Icons.Music}Це у крові.{!Icons.Music}","","",""
"Integrated","Lyric","186","EndTheme_010","","","","{!Icons.Music}Це у крові, о-о.{!Icons.Music}","","",""
"Integrated","Lyric","187","EndTheme_011","","","","{!Icons.Music}О-о, це у крові.{!Icons.Music}","","",""
"Integrated","Lyric","188","EndTheme_012","","","","{#OrpheusSoloFormat}{!Icons.Music}Це у крові.{!Icons.Music}","","",""
"Integrated","Lyric","189","EndTheme_013","","","","{#EurydiceSoloFormat}{!Icons.Music}Любов{!Icons.Music}","","",""
"Integrated","Lyric","190","EndTheme_014","","","","{#EurydiceSoloFormat}{!Icons.Music}У житті,{!Icons.Music}","","",""
"Integrated","Lyric","191","EndTheme_015","","","","{#EurydiceSoloFormat}{!Icons.Music}Вічно живе.{!Icons.Music}","","",""
"Integrated","Lyric","192","EndTheme_016","","","","{#OrpheusSoloFormat}{!Icons.Music}Дім,{!Icons.Music}","","",""
"Integrated","Lyric","193","EndTheme_017","","","","{!Icons.Music}Не там де живеш,{!Icons.Music}","","",""
"Integrated","Lyric","194","EndTheme_018","","","","{!Icons.Music}А з тим, хто піде,{!Icons.Music}","","",""
"Integrated","Lyric","195","EndTheme_019","","","","{!Icons.Music}З тобою разом, в небуття!{!Icons.Music}","","",""
"Integrated","Lyric","196","EndTheme_020","","","","{!Icons.Music}Це у крові.{!Icons.Music}","","",""
"Integrated","Lyric","197","EndTheme_021","","","","{!Icons.Music}О-о, це у крові.{!Icons.Music}","","",""
"Integrated","Lyric","198","EndTheme_022","","","","{!Icons.Music}Це у крові.{!Icons.Music}","","",""
"Integrated","Lyric","199","EndTheme_023","","","","{!Icons.Music}О-о, це у крові.{!Icons.Music}","","",""
"Integrated","Lyric","200","EndTheme_024","","","","{!Icons.Music}Тікай, вибір твій,{!Icons.Music}","","",""
"Integrated","Lyric","201","EndTheme_025","","","","{!Icons.Music}Не втечеш, і не мрій.{!Icons.Music}","","",""
"Integrated","Lyric","202","EndTheme_026","","","","{!Icons.Music}Воно все там,{!Icons.Music}","","",""
"Integrated","Lyric","203","EndTheme_027","","","","{!Icons.Music}Повітря гам.{!Icons.Music}","","",""
"Integrated","Lyric","204","EndTheme_028","","","","{!Icons.Music}Любов сім'ї,{!Icons.Music}","","",""
"Integrated","Lyric","205","EndTheme_029","","","","{!Icons.Music}Що у тобі.{!Icons.Music}","","",""
"Integrated","Lyric","206","EndTheme_030","","","","{!Icons.Music}Це у крові.{!Icons.Music}","","",""
"Integrated","Lyric","207","EndTheme_031","","","","{!Icons.Music}Це у крові.{!Icons.Music}","","",""
"Integrated","Lyric","208","EndTheme_032","","","","{!Icons.Music}Це у крові.{!Icons.Music}","","",""
"Integrated","Lyric","209","EndTheme_033","","","","{!Icons.Music}О-о, це у крові.{!Icons.Music}","","",""
"Integrated","Lyric","210","EndTheme_034","","","","{!Icons.Music}О-о, це у крові, о-о.{!Icons.Music}","","",""
"Integrated","Lyric","211","EndTheme_035","","","","{!Icons.Music}О-о, це у крові.{!Icons.Music}","","",""
"Integrated","Lyric","212","EndTheme_036","","","","{!Icons.Music}Це у крові.{!Icons.Music}","","",""
"Integrated","Lyric","213","EndTheme_037","","","","{!Icons.Music}О-о, це у крові.{!Icons.Music}","","",""
"Integrated","Lyric","214","EndTheme_038","","","","{!Icons.Music}Це у крові.{!Icons.Music}","","",""
"Integrated","Lyric","215","","","","","","","",""
"Integrated","Lyric","216","EndThemeACOUSTIC_001","","","","{#EurydiceSoloFormat}{!Icons.Music}Час,{!Icons.Music}","","",""
"Integrated","Lyric","217","EndThemeACOUSTIC_002","","","","{#EurydiceSoloFormat}{!Icons.Music}Мойри плетуть,{!Icons.Music}","","",""
"Integrated","Lyric","218","EndThemeACOUSTIC_003","","","","{#EurydiceSoloFormat}{!Icons.Music}Зшиті життя.{!Icons.Music}","","",""
"Integrated","Lyric","219","EndThemeACOUSTIC_004","","","","{#OrpheusSoloFormat}{!Icons.Music}В нас{!Icons.Music}","","",""
"Integrated","Lyric","220","EndThemeACOUSTIC_005","","","","{!Icons.Music}Є свій шлях,{!Icons.Music}","","",""
"Integrated","Lyric","221","EndThemeACOUSTIC_006","","","","{!Icons.Music}У забуття.{!Icons.Music}","","",""
"Integrated","Lyric","222","EndThemeACOUSTIC_007","","","","{!Icons.Music}Чуємо ми його, в кістках.{!Icons.Music}","","",""
"Integrated","Lyric","223","EndThemeACOUSTIC_008","","","","{!Icons.Music}Це у крові.{!Icons.Music}","","",""
"Integrated","Lyric","224","EndThemeACOUSTIC_009","","","","{!Icons.Music}Це у крові.{!Icons.Music}","","",""
"Integrated","Lyric","225","EndThemeACOUSTIC_010","","","","{!Icons.Music}Це у крові, о-о.{!Icons.Music}","","",""
"Integrated","Lyric","226","EndThemeACOUSTIC_011","","","","{!Icons.Music}О-о, це у крові.{!Icons.Music}","","",""
"Integrated","Lyric","227","EndThemeACOUSTIC_012","","","","{#OrpheusSoloFormat}{!Icons.Music}Це у крові.{!Icons.Music}","","",""
"Integrated","Lyric","228","EndThemeACOUSTIC_013","","","","{#EurydiceSoloFormat}{!Icons.Music}Любов{!Icons.Music}","","",""
"Integrated","Lyric","229","EndThemeACOUSTIC_014","","","","{#EurydiceSoloFormat}{!Icons.Music}У житті,{!Icons.Music}","","",""
"Integrated","Lyric","230","EndThemeACOUSTIC_015","","","","{#EurydiceSoloFormat}{!Icons.Music}Вічно живе.{!Icons.Music}","","",""
"Integrated","Lyric","231","EndThemeACOUSTIC_016","","","","{#OrpheusSoloFormat}{!Icons.Music}Дім,{!Icons.Music}","","",""
"Integrated","Lyric","232","EndThemeACOUSTIC_017","","","","{!Icons.Music}Не там де живеш,{!Icons.Music}","","",""
"Integrated","Lyric","233","EndThemeACOUSTIC_018","","","","{!Icons.Music}А з тим, хто піде,{!Icons.Music}","","",""
"Integrated","Lyric","234","EndThemeACOUSTIC_019","","","","{!Icons.Music}З тобою разом, в небуття.{!Icons.Music}","","",""
"Integrated","Lyric","235","EndThemeACOUSTIC_020","","","","{!Icons.Music}Це у крові.{!Icons.Music}","","",""
"Integrated","Lyric","236","EndThemeACOUSTIC_021","","","","{!Icons.Music}О-о, це у крові.{!Icons.Music}","","",""
"Integrated","Lyric","237","EndThemeACOUSTIC_022","","","","{!Icons.Music}Це у крові, о-о.{!Icons.Music}","","",""
"Integrated","Lyric","238","EndThemeACOUSTIC_023","","","","{!Icons.Music}О-о, це у крові.{!Icons.Music}","","",""
"Integrated","Lyric","239","EndThemeACOUSTIC_024","","","","{!Icons.Music}Тікай, вибір твій,{!Icons.Music}","","",""
"Integrated","Lyric","240","EndThemeACOUSTIC_025","","","","{!Icons.Music}Не втечеш, і не мрій.{!Icons.Music}","","",""
"Integrated","Lyric","241","EndThemeACOUSTIC_026","","","","{!Icons.Music}Воно все там,{!Icons.Music}","","",""
"Integrated","Lyric","242","EndThemeACOUSTIC_027","","","","{!Icons.Music}Повітря гам.{!Icons.Music}","","",""
"Integrated","Lyric","243","EndThemeACOUSTIC_028","","","","{!Icons.Music}Любов сім'ї,{!Icons.Music}","","",""
"Integrated","Lyric","244","EndThemeACOUSTIC_029","","","","{!Icons.Music}Що у тобі.{!Icons.Music}","","",""
"Integrated","Lyric","245","EndThemeACOUSTIC_030","","","","{!Icons.Music}Це у крові.{!Icons.Music}","","",""
"Integrated","Lyric","246","EndThemeACOUSTIC_031","","","","{!Icons.Music}Це у крові.{!Icons.Music}","","",""
"Integrated","Lyric","247","EndThemeACOUSTIC_032","","","","{!Icons.Music}Це у крові, о-о.{!Icons.Music}","","",""
"Integrated","Lyric","248","EndThemeACOUSTIC_033","","","","{!Icons.Music}О-о, це у крові.{!Icons.Music}","","",""
"Integrated","Lyric","249","EndThemeACOUSTIC_034","","","","{!Icons.Music}О-о, це у крові, о-о.{!Icons.Music}","","",""
"Integrated","Lyric","250","EndThemeACOUSTIC_035","","","","{!Icons.Music}О-о, це у крові.{!Icons.Music}","","",""
"Integrated","Lyric","251","EndThemeACOUSTIC_036","","","","{!Icons.Music}Це у крові.{!Icons.Music}","","",""
"Integrated","Lyric","252","EndThemeACOUSTIC_037","","","","{!Icons.Music}О-о, це у крові.{!Icons.Music}","","",""
"Integrated","Lyric","253","EndThemeACOUSTIC_038","","","","{!Icons.Music}Це у крові.{!Icons.Music}","","",""
"Integrated","Lyric","254","","","","","","","",""
